,mda_round,tc,beta,pfpr0,cr_factor,mda_coverage,strategy,b_drug
0,0,0.55,0.06413,3.0,1,0.6,AAB,OZFQ
1,0,0.55,0.06413,3.0,1,0.6,ABA,OZFQ
2,0,0.55,0.06413,3.0,1,0.6,ABB,OZFQ
3,0,0.55,0.06413,3.0,1,0.7,AAB,OZFQ
4,0,0.55,0.06413,3.0,1,0.7,ABA,OZFQ
5,0,0.55,0.06413,3.0,1,0.7,ABB,OZFQ
6,0,0.55,0.06413,3.0,1,0.8,AAB,OZFQ
7,0,0.55,0.06413,3.0,1,0.8,ABA,OZFQ
8,0,0.55,0.06413,3.0,1,0.8,ABB,OZFQ
9,0,0.55,0.06413,3.0,1,0.9,AAB,OZFQ
10,0,0.55,0.06413,3.0,1,0.9,ABA,OZFQ
11,0,0.55,0.06413,3.0,1,0.9,ABB,OZFQ
12,0,0.55,0.06413,3.0,2,0.6,AAB,OZFQ
13,0,0.55,0.06413,3.0,2,0.6,ABA,OZFQ
14,0,0.55,0.06413,3.0,2,0.6,ABB,OZFQ
15,0,0.55,0.06413,3.0,2,0.7,AAB,OZFQ
16,0,0.55,0.06413,3.0,2,0.7,ABA,OZFQ
17,0,0.55,0.06413,3.0,2,0.7,ABB,OZFQ
18,0,0.55,0.06413,3.0,2,0.8,AAB,OZFQ
19,0,0.55,0.06413,3.0,2,0.8,ABA,OZFQ
20,0,0.55,0.06413,3.0,2,0.8,ABB,OZFQ
21,0,0.55,0.06413,3.0,2,0.9,AAB,OZFQ
22,0,0.55,0.06413,3.0,2,0.9,ABA,OZFQ
23,0,0.55,0.06413,3.0,2,0.9,ABB,OZFQ
24,0,0.55,0.06413,3.0,5,0.6,AAB,OZFQ
25,0,0.55,0.06413,3.0,5,0.6,ABA,OZFQ
26,0,0.55,0.06413,3.0,5,0.6,ABB,OZFQ
27,0,0.55,0.06413,3.0,5,0.7,AAB,OZFQ
28,0,0.55,0.06413,3.0,5,0.7,ABA,OZFQ
29,0,0.55,0.06413,3.0,5,0.7,ABB,OZFQ
30,0,0.55,0.06413,3.0,5,0.8,AAB,OZFQ
31,0,0.55,0.06413,3.0,5,0.8,ABA,OZFQ
32,0,0.55,0.06413,3.0,5,0.8,ABB,OZFQ
33,0,0.55,0.06413,3.0,5,0.9,AAB,OZFQ
34,0,0.55,0.06413,3.0,5,0.9,ABA,OZFQ
35,0,0.55,0.06413,3.0,5,0.9,ABB,OZFQ
36,0,0.55,0.06413,3.0,10,0.6,AAB,OZFQ
37,0,0.55,0.06413,3.0,10,0.6,ABA,OZFQ
38,0,0.55,0.06413,3.0,10,0.6,ABB,OZFQ
39,0,0.55,0.06413,3.0,10,0.7,AAB,OZFQ
40,0,0.55,0.06413,3.0,10,0.7,ABA,OZFQ
41,0,0.55,0.06413,3.0,10,0.7,ABB,OZFQ
42,0,0.55,0.06413,3.0,10,0.8,AAB,OZFQ
43,0,0.55,0.06413,3.0,10,0.8,ABA,OZFQ
44,0,0.55,0.06413,3.0,10,0.8,ABB,OZFQ
45,0,0.55,0.06413,3.0,10,0.9,AAB,OZFQ
46,0,0.55,0.06413,3.0,10,0.9,ABA,OZFQ
47,0,0.55,0.06413,3.0,10,0.9,ABB,OZFQ
48,0,0.55,0.0585,2.0,1,0.6,AAB,OZFQ
49,0,0.55,0.0585,2.0,1,0.6,ABA,OZFQ
50,0,0.55,0.0585,2.0,1,0.6,ABB,OZFQ
51,0,0.55,0.0585,2.0,1,0.7,AAB,OZFQ
52,0,0.55,0.0585,2.0,1,0.7,ABA,OZFQ
53,0,0.55,0.0585,2.0,1,0.7,ABB,OZFQ
54,0,0.55,0.0585,2.0,1,0.8,AAB,OZFQ
55,0,0.55,0.0585,2.0,1,0.8,ABA,OZFQ
56,0,0.55,0.0585,2.0,1,0.8,ABB,OZFQ
57,0,0.55,0.0585,2.0,1,0.9,AAB,OZFQ
58,0,0.55,0.0585,2.0,1,0.9,ABA,OZFQ
59,0,0.55,0.0585,2.0,1,0.9,ABB,OZFQ
60,0,0.55,0.0585,2.0,2,0.6,AAB,OZFQ
61,0,0.55,0.0585,2.0,2,0.6,ABA,OZFQ
62,0,0.55,0.0585,2.0,2,0.6,ABB,OZFQ
63,0,0.55,0.0585,2.0,2,0.7,AAB,OZFQ
64,0,0.55,0.0585,2.0,2,0.7,ABA,OZFQ
65,0,0.55,0.0585,2.0,2,0.7,ABB,OZFQ
66,0,0.55,0.0585,2.0,2,0.8,AAB,OZFQ
67,0,0.55,0.0585,2.0,2,0.8,ABA,OZFQ
68,0,0.55,0.0585,2.0,2,0.8,ABB,OZFQ
69,0,0.55,0.0585,2.0,2,0.9,AAB,OZFQ
70,0,0.55,0.0585,2.0,2,0.9,ABA,OZFQ
71,0,0.55,0.0585,2.0,2,0.9,ABB,OZFQ
72,0,0.55,0.0585,2.0,5,0.6,AAB,OZFQ
73,0,0.55,0.0585,2.0,5,0.6,ABA,OZFQ
74,0,0.55,0.0585,2.0,5,0.6,ABB,OZFQ
75,0,0.55,0.0585,2.0,5,0.7,AAB,OZFQ
76,0,0.55,0.0585,2.0,5,0.7,ABA,OZFQ
77,0,0.55,0.0585,2.0,5,0.7,ABB,OZFQ
78,0,0.55,0.0585,2.0,5,0.8,AAB,OZFQ
79,0,0.55,0.0585,2.0,5,0.8,ABA,OZFQ
80,0,0.55,0.0585,2.0,5,0.8,ABB,OZFQ
81,0,0.55,0.0585,2.0,5,0.9,AAB,OZFQ
82,0,0.55,0.0585,2.0,5,0.9,ABA,OZFQ
83,0,0.55,0.0585,2.0,5,0.9,ABB,OZFQ
84,0,0.55,0.0585,2.0,10,0.6,AAB,OZFQ
85,0,0.55,0.0585,2.0,10,0.6,ABA,OZFQ
86,0,0.55,0.0585,2.0,10,0.6,ABB,OZFQ
87,0,0.55,0.0585,2.0,10,0.7,AAB,OZFQ
88,0,0.55,0.0585,2.0,10,0.7,ABA,OZFQ
89,0,0.55,0.0585,2.0,10,0.7,ABB,OZFQ
90,0,0.55,0.0585,2.0,10,0.8,AAB,OZFQ
91,0,0.55,0.0585,2.0,10,0.8,ABA,OZFQ
92,0,0.55,0.0585,2.0,10,0.8,ABB,OZFQ
93,0,0.55,0.0585,2.0,10,0.9,AAB,OZFQ
94,0,0.55,0.0585,2.0,10,0.9,ABA,OZFQ
95,0,0.55,0.0585,2.0,10,0.9,ABB,OZFQ
96,0,0.55,0.0538,1.0,1,0.6,AAB,OZFQ
97,0,0.55,0.0538,1.0,1,0.6,ABA,OZFQ
98,0,0.55,0.0538,1.0,1,0.6,ABB,OZFQ
99,0,0.55,0.0538,1.0,1,0.7,AAB,OZFQ
100,0,0.55,0.0538,1.0,1,0.7,ABA,OZFQ
101,0,0.55,0.0538,1.0,1,0.7,ABB,OZFQ
102,0,0.55,0.0538,1.0,1,0.8,AAB,OZFQ
103,0,0.55,0.0538,1.0,1,0.8,ABA,OZFQ
104,0,0.55,0.0538,1.0,1,0.8,ABB,OZFQ
105,0,0.55,0.0538,1.0,1,0.9,AAB,OZFQ
106,0,0.55,0.0538,1.0,1,0.9,ABA,OZFQ
107,0,0.55,0.0538,1.0,1,0.9,ABB,OZFQ
108,0,0.55,0.0538,1.0,2,0.6,AAB,OZFQ
109,0,0.55,0.0538,1.0,2,0.6,ABA,OZFQ
110,0,0.55,0.0538,1.0,2,0.6,ABB,OZFQ
111,0,0.55,0.0538,1.0,2,0.7,AAB,OZFQ
112,0,0.55,0.0538,1.0,2,0.7,ABA,OZFQ
113,0,0.55,0.0538,1.0,2,0.7,ABB,OZFQ
114,0,0.55,0.0538,1.0,2,0.8,AAB,OZFQ
115,0,0.55,0.0538,1.0,2,0.8,ABA,OZFQ
116,0,0.55,0.0538,1.0,2,0.8,ABB,OZFQ
117,0,0.55,0.0538,1.0,2,0.9,AAB,OZFQ
118,0,0.55,0.0538,1.0,2,0.9,ABA,OZFQ
119,0,0.55,0.0538,1.0,2,0.9,ABB,OZFQ
120,0,0.55,0.0538,1.0,5,0.6,AAB,OZFQ
121,0,0.55,0.0538,1.0,5,0.6,ABA,OZFQ
122,0,0.55,0.0538,1.0,5,0.6,ABB,OZFQ
123,0,0.55,0.0538,1.0,5,0.7,AAB,OZFQ
124,0,0.55,0.0538,1.0,5,0.7,ABA,OZFQ
125,0,0.55,0.0538,1.0,5,0.7,ABB,OZFQ
126,0,0.55,0.0538,1.0,5,0.8,AAB,OZFQ
127,0,0.55,0.0538,1.0,5,0.8,ABA,OZFQ
128,0,0.55,0.0538,1.0,5,0.8,ABB,OZFQ
129,0,0.55,0.0538,1.0,5,0.9,AAB,OZFQ
130,0,0.55,0.0538,1.0,5,0.9,ABA,OZFQ
131,0,0.55,0.0538,1.0,5,0.9,ABB,OZFQ
132,0,0.55,0.0538,1.0,10,0.6,AAB,OZFQ
133,0,0.55,0.0538,1.0,10,0.6,ABA,OZFQ
134,0,0.55,0.0538,1.0,10,0.6,ABB,OZFQ
135,0,0.55,0.0538,1.0,10,0.7,AAB,OZFQ
136,0,0.55,0.0538,1.0,10,0.7,ABA,OZFQ
137,0,0.55,0.0538,1.0,10,0.7,ABB,OZFQ
138,0,0.55,0.0538,1.0,10,0.8,AAB,OZFQ
139,0,0.55,0.0538,1.0,10,0.8,ABA,OZFQ
140,0,0.55,0.0538,1.0,10,0.8,ABB,OZFQ
141,0,0.55,0.0538,1.0,10,0.9,AAB,OZFQ
142,0,0.55,0.0538,1.0,10,0.9,ABA,OZFQ
143,0,0.55,0.0538,1.0,10,0.9,ABB,OZFQ
144,0,0.55,0.0508,0.5,1,0.6,AAB,OZFQ
145,0,0.55,0.0508,0.5,1,0.6,ABA,OZFQ
146,0,0.55,0.0508,0.5,1,0.6,ABB,OZFQ
147,0,0.55,0.0508,0.5,1,0.7,AAB,OZFQ
148,0,0.55,0.0508,0.5,1,0.7,ABA,OZFQ
149,0,0.55,0.0508,0.5,1,0.7,ABB,OZFQ
150,0,0.55,0.0508,0.5,1,0.8,AAB,OZFQ
151,0,0.55,0.0508,0.5,1,0.8,ABA,OZFQ
152,0,0.55,0.0508,0.5,1,0.8,ABB,OZFQ
153,0,0.55,0.0508,0.5,1,0.9,AAB,OZFQ
154,0,0.55,0.0508,0.5,1,0.9,ABA,OZFQ
155,0,0.55,0.0508,0.5,1,0.9,ABB,OZFQ
156,0,0.55,0.0508,0.5,2,0.6,AAB,OZFQ
157,0,0.55,0.0508,0.5,2,0.6,ABA,OZFQ
158,0,0.55,0.0508,0.5,2,0.6,ABB,OZFQ
159,0,0.55,0.0508,0.5,2,0.7,AAB,OZFQ
160,0,0.55,0.0508,0.5,2,0.7,ABA,OZFQ
161,0,0.55,0.0508,0.5,2,0.7,ABB,OZFQ
162,0,0.55,0.0508,0.5,2,0.8,AAB,OZFQ
163,0,0.55,0.0508,0.5,2,0.8,ABA,OZFQ
164,0,0.55,0.0508,0.5,2,0.8,ABB,OZFQ
165,0,0.55,0.0508,0.5,2,0.9,AAB,OZFQ
166,0,0.55,0.0508,0.5,2,0.9,ABA,OZFQ
167,0,0.55,0.0508,0.5,2,0.9,ABB,OZFQ
168,0,0.55,0.0508,0.5,5,0.6,AAB,OZFQ
169,0,0.55,0.0508,0.5,5,0.6,ABA,OZFQ
170,0,0.55,0.0508,0.5,5,0.6,ABB,OZFQ
171,0,0.55,0.0508,0.5,5,0.7,AAB,OZFQ
172,0,0.55,0.0508,0.5,5,0.7,ABA,OZFQ
173,0,0.55,0.0508,0.5,5,0.7,ABB,OZFQ
174,0,0.55,0.0508,0.5,5,0.8,AAB,OZFQ
175,0,0.55,0.0508,0.5,5,0.8,ABA,OZFQ
176,0,0.55,0.0508,0.5,5,0.8,ABB,OZFQ
177,0,0.55,0.0508,0.5,5,0.9,AAB,OZFQ
178,0,0.55,0.0508,0.5,5,0.9,ABA,OZFQ
179,0,0.55,0.0508,0.5,5,0.9,ABB,OZFQ
180,0,0.55,0.0508,0.5,10,0.6,AAB,OZFQ
181,0,0.55,0.0508,0.5,10,0.6,ABA,OZFQ
182,0,0.55,0.0508,0.5,10,0.6,ABB,OZFQ
183,0,0.55,0.0508,0.5,10,0.7,AAB,OZFQ
184,0,0.55,0.0508,0.5,10,0.7,ABA,OZFQ
185,0,0.55,0.0508,0.5,10,0.7,ABB,OZFQ
186,0,0.55,0.0508,0.5,10,0.8,AAB,OZFQ
187,0,0.55,0.0508,0.5,10,0.8,ABA,OZFQ
188,0,0.55,0.0508,0.5,10,0.8,ABB,OZFQ
189,0,0.55,0.0508,0.5,10,0.9,AAB,OZFQ
190,0,0.55,0.0508,0.5,10,0.9,ABA,OZFQ
191,0,0.55,0.0508,0.5,10,0.9,ABB,OZFQ
192,0,0.55,0.0475,0.1,1,0.6,AAB,OZFQ
193,0,0.55,0.0475,0.1,1,0.6,ABA,OZFQ
194,0,0.55,0.0475,0.1,1,0.6,ABB,OZFQ
195,0,0.55,0.0475,0.1,1,0.7,AAB,OZFQ
196,0,0.55,0.0475,0.1,1,0.7,ABA,OZFQ
197,0,0.55,0.0475,0.1,1,0.7,ABB,OZFQ
198,0,0.55,0.0475,0.1,1,0.8,AAB,OZFQ
199,0,0.55,0.0475,0.1,1,0.8,ABA,OZFQ
200,0,0.55,0.0475,0.1,1,0.8,ABB,OZFQ
201,0,0.55,0.0475,0.1,1,0.9,AAB,OZFQ
202,0,0.55,0.0475,0.1,1,0.9,ABA,OZFQ
203,0,0.55,0.0475,0.1,1,0.9,ABB,OZFQ
204,0,0.55,0.0475,0.1,2,0.6,AAB,OZFQ
205,0,0.55,0.0475,0.1,2,0.6,ABA,OZFQ
206,0,0.55,0.0475,0.1,2,0.6,ABB,OZFQ
207,0,0.55,0.0475,0.1,2,0.7,AAB,OZFQ
208,0,0.55,0.0475,0.1,2,0.7,ABA,OZFQ
209,0,0.55,0.0475,0.1,2,0.7,ABB,OZFQ
210,0,0.55,0.0475,0.1,2,0.8,AAB,OZFQ
211,0,0.55,0.0475,0.1,2,0.8,ABA,OZFQ
212,0,0.55,0.0475,0.1,2,0.8,ABB,OZFQ
213,0,0.55,0.0475,0.1,2,0.9,AAB,OZFQ
214,0,0.55,0.0475,0.1,2,0.9,ABA,OZFQ
215,0,0.55,0.0475,0.1,2,0.9,ABB,OZFQ
216,0,0.55,0.0475,0.1,5,0.6,AAB,OZFQ
217,0,0.55,0.0475,0.1,5,0.6,ABA,OZFQ
218,0,0.55,0.0475,0.1,5,0.6,ABB,OZFQ
219,0,0.55,0.0475,0.1,5,0.7,AAB,OZFQ
220,0,0.55,0.0475,0.1,5,0.7,ABA,OZFQ
221,0,0.55,0.0475,0.1,5,0.7,ABB,OZFQ
222,0,0.55,0.0475,0.1,5,0.8,AAB,OZFQ
223,0,0.55,0.0475,0.1,5,0.8,ABA,OZFQ
224,0,0.55,0.0475,0.1,5,0.8,ABB,OZFQ
225,0,0.55,0.0475,0.1,5,0.9,AAB,OZFQ
226,0,0.55,0.0475,0.1,5,0.9,ABA,OZFQ
227,0,0.55,0.0475,0.1,5,0.9,ABB,OZFQ
228,0,0.55,0.0475,0.1,10,0.6,AAB,OZFQ
229,0,0.55,0.0475,0.1,10,0.6,ABA,OZFQ
230,0,0.55,0.0475,0.1,10,0.6,ABB,OZFQ
231,0,0.55,0.0475,0.1,10,0.7,AAB,OZFQ
232,0,0.55,0.0475,0.1,10,0.7,ABA,OZFQ
233,0,0.55,0.0475,0.1,10,0.7,ABB,OZFQ
234,0,0.55,0.0475,0.1,10,0.8,AAB,OZFQ
235,0,0.55,0.0475,0.1,10,0.8,ABA,OZFQ
236,0,0.55,0.0475,0.1,10,0.8,ABB,OZFQ
237,0,0.55,0.0475,0.1,10,0.9,AAB,OZFQ
238,0,0.55,0.0475,0.1,10,0.9,ABA,OZFQ
239,0,0.55,0.0475,0.1,10,0.9,ABB,OZFQ
240,0,0.75,0.0735,3.0,1,0.6,AAB,OZFQ
241,0,0.75,0.0735,3.0,1,0.6,ABA,OZFQ
242,0,0.75,0.0735,3.0,1,0.6,ABB,OZFQ
243,0,0.75,0.0735,3.0,1,0.7,AAB,OZFQ
244,0,0.75,0.0735,3.0,1,0.7,ABA,OZFQ
245,0,0.75,0.0735,3.0,1,0.7,ABB,OZFQ
246,0,0.75,0.0735,3.0,1,0.8,AAB,OZFQ
247,0,0.75,0.0735,3.0,1,0.8,ABA,OZFQ
248,0,0.75,0.0735,3.0,1,0.8,ABB,OZFQ
249,0,0.75,0.0735,3.0,1,0.9,AAB,OZFQ
250,0,0.75,0.0735,3.0,1,0.9,ABA,OZFQ
251,0,0.75,0.0735,3.0,1,0.9,ABB,OZFQ
252,0,0.75,0.0735,3.0,2,0.6,AAB,OZFQ
253,0,0.75,0.0735,3.0,2,0.6,ABA,OZFQ
254,0,0.75,0.0735,3.0,2,0.6,ABB,OZFQ
255,0,0.75,0.0735,3.0,2,0.7,AAB,OZFQ
256,0,0.75,0.0735,3.0,2,0.7,ABA,OZFQ
257,0,0.75,0.0735,3.0,2,0.7,ABB,OZFQ
258,0,0.75,0.0735,3.0,2,0.8,AAB,OZFQ
259,0,0.75,0.0735,3.0,2,0.8,ABA,OZFQ
260,0,0.75,0.0735,3.0,2,0.8,ABB,OZFQ
261,0,0.75,0.0735,3.0,2,0.9,AAB,OZFQ
262,0,0.75,0.0735,3.0,2,0.9,ABA,OZFQ
263,0,0.75,0.0735,3.0,2,0.9,ABB,OZFQ
264,0,0.75,0.0735,3.0,5,0.6,AAB,OZFQ
265,0,0.75,0.0735,3.0,5,0.6,ABA,OZFQ
266,0,0.75,0.0735,3.0,5,0.6,ABB,OZFQ
267,0,0.75,0.0735,3.0,5,0.7,AAB,OZFQ
268,0,0.75,0.0735,3.0,5,0.7,ABA,OZFQ
269,0,0.75,0.0735,3.0,5,0.7,ABB,OZFQ
270,0,0.75,0.0735,3.0,5,0.8,AAB,OZFQ
271,0,0.75,0.0735,3.0,5,0.8,ABA,OZFQ
272,0,0.75,0.0735,3.0,5,0.8,ABB,OZFQ
273,0,0.75,0.0735,3.0,5,0.9,AAB,OZFQ
274,0,0.75,0.0735,3.0,5,0.9,ABA,OZFQ
275,0,0.75,0.0735,3.0,5,0.9,ABB,OZFQ
276,0,0.75,0.0735,3.0,10,0.6,AAB,OZFQ
277,0,0.75,0.0735,3.0,10,0.6,ABA,OZFQ
278,0,0.75,0.0735,3.0,10,0.6,ABB,OZFQ
279,0,0.75,0.0735,3.0,10,0.7,AAB,OZFQ
280,0,0.75,0.0735,3.0,10,0.7,ABA,OZFQ
281,0,0.75,0.0735,3.0,10,0.7,ABB,OZFQ
282,0,0.75,0.0735,3.0,10,0.8,AAB,OZFQ
283,0,0.75,0.0735,3.0,10,0.8,ABA,OZFQ
284,0,0.75,0.0735,3.0,10,0.8,ABB,OZFQ
285,0,0.75,0.0735,3.0,10,0.9,AAB,OZFQ
286,0,0.75,0.0735,3.0,10,0.9,ABA,OZFQ
287,0,0.75,0.0735,3.0,10,0.9,ABB,OZFQ
288,0,0.75,0.067,2.0,1,0.6,AAB,OZFQ
289,0,0.75,0.067,2.0,1,0.6,ABA,OZFQ
290,0,0.75,0.067,2.0,1,0.6,ABB,OZFQ
291,0,0.75,0.067,2.0,1,0.7,AAB,OZFQ
292,0,0.75,0.067,2.0,1,0.7,ABA,OZFQ
293,0,0.75,0.067,2.0,1,0.7,ABB,OZFQ
294,0,0.75,0.067,2.0,1,0.8,AAB,OZFQ
295,0,0.75,0.067,2.0,1,0.8,ABA,OZFQ
296,0,0.75,0.067,2.0,1,0.8,ABB,OZFQ
297,0,0.75,0.067,2.0,1,0.9,AAB,OZFQ
298,0,0.75,0.067,2.0,1,0.9,ABA,OZFQ
299,0,0.75,0.067,2.0,1,0.9,ABB,OZFQ
300,0,0.75,0.067,2.0,2,0.6,AAB,OZFQ
301,0,0.75,0.067,2.0,2,0.6,ABA,OZFQ
302,0,0.75,0.067,2.0,2,0.6,ABB,OZFQ
303,0,0.75,0.067,2.0,2,0.7,AAB,OZFQ
304,0,0.75,0.067,2.0,2,0.7,ABA,OZFQ
305,0,0.75,0.067,2.0,2,0.7,ABB,OZFQ
306,0,0.75,0.067,2.0,2,0.8,AAB,OZFQ
307,0,0.75,0.067,2.0,2,0.8,ABA,OZFQ
308,0,0.75,0.067,2.0,2,0.8,ABB,OZFQ
309,0,0.75,0.067,2.0,2,0.9,AAB,OZFQ
310,0,0.75,0.067,2.0,2,0.9,ABA,OZFQ
311,0,0.75,0.067,2.0,2,0.9,ABB,OZFQ
312,0,0.75,0.067,2.0,5,0.6,AAB,OZFQ
313,0,0.75,0.067,2.0,5,0.6,ABA,OZFQ
314,0,0.75,0.067,2.0,5,0.6,ABB,OZFQ
315,0,0.75,0.067,2.0,5,0.7,AAB,OZFQ
316,0,0.75,0.067,2.0,5,0.7,ABA,OZFQ
317,0,0.75,0.067,2.0,5,0.7,ABB,OZFQ
318,0,0.75,0.067,2.0,5,0.8,AAB,OZFQ
319,0,0.75,0.067,2.0,5,0.8,ABA,OZFQ
320,0,0.75,0.067,2.0,5,0.8,ABB,OZFQ
321,0,0.75,0.067,2.0,5,0.9,AAB,OZFQ
322,0,0.75,0.067,2.0,5,0.9,ABA,OZFQ
323,0,0.75,0.067,2.0,5,0.9,ABB,OZFQ
324,0,0.75,0.067,2.0,10,0.6,AAB,OZFQ
325,0,0.75,0.067,2.0,10,0.6,ABA,OZFQ
326,0,0.75,0.067,2.0,10,0.6,ABB,OZFQ
327,0,0.75,0.067,2.0,10,0.7,AAB,OZFQ
328,0,0.75,0.067,2.0,10,0.7,ABA,OZFQ
329,0,0.75,0.067,2.0,10,0.7,ABB,OZFQ
330,0,0.75,0.067,2.0,10,0.8,AAB,OZFQ
331,0,0.75,0.067,2.0,10,0.8,ABA,OZFQ
332,0,0.75,0.067,2.0,10,0.8,ABB,OZFQ
333,0,0.75,0.067,2.0,10,0.9,AAB,OZFQ
334,0,0.75,0.067,2.0,10,0.9,ABA,OZFQ
335,0,0.75,0.067,2.0,10,0.9,ABB,OZFQ
336,0,0.75,0.061,1.0,1,0.6,AAB,OZFQ
337,0,0.75,0.061,1.0,1,0.6,ABA,OZFQ
338,0,0.75,0.061,1.0,1,0.6,ABB,OZFQ
339,0,0.75,0.061,1.0,1,0.7,AAB,OZFQ
340,0,0.75,0.061,1.0,1,0.7,ABA,OZFQ
341,0,0.75,0.061,1.0,1,0.7,ABB,OZFQ
342,0,0.75,0.061,1.0,1,0.8,AAB,OZFQ
343,0,0.75,0.061,1.0,1,0.8,ABA,OZFQ
344,0,0.75,0.061,1.0,1,0.8,ABB,OZFQ
345,0,0.75,0.061,1.0,1,0.9,AAB,OZFQ
346,0,0.75,0.061,1.0,1,0.9,ABA,OZFQ
347,0,0.75,0.061,1.0,1,0.9,ABB,OZFQ
348,0,0.75,0.061,1.0,2,0.6,AAB,OZFQ
349,0,0.75,0.061,1.0,2,0.6,ABA,OZFQ
350,0,0.75,0.061,1.0,2,0.6,ABB,OZFQ
351,0,0.75,0.061,1.0,2,0.7,AAB,OZFQ
352,0,0.75,0.061,1.0,2,0.7,ABA,OZFQ
353,0,0.75,0.061,1.0,2,0.7,ABB,OZFQ
354,0,0.75,0.061,1.0,2,0.8,AAB,OZFQ
355,0,0.75,0.061,1.0,2,0.8,ABA,OZFQ
356,0,0.75,0.061,1.0,2,0.8,ABB,OZFQ
357,0,0.75,0.061,1.0,2,0.9,AAB,OZFQ
358,0,0.75,0.061,1.0,2,0.9,ABA,OZFQ
359,0,0.75,0.061,1.0,2,0.9,ABB,OZFQ
360,0,0.75,0.061,1.0,5,0.6,AAB,OZFQ
361,0,0.75,0.061,1.0,5,0.6,ABA,OZFQ
362,0,0.75,0.061,1.0,5,0.6,ABB,OZFQ
363,0,0.75,0.061,1.0,5,0.7,AAB,OZFQ
364,0,0.75,0.061,1.0,5,0.7,ABA,OZFQ
365,0,0.75,0.061,1.0,5,0.7,ABB,OZFQ
366,0,0.75,0.061,1.0,5,0.8,AAB,OZFQ
367,0,0.75,0.061,1.0,5,0.8,ABA,OZFQ
368,0,0.75,0.061,1.0,5,0.8,ABB,OZFQ
369,0,0.75,0.061,1.0,5,0.9,AAB,OZFQ
370,0,0.75,0.061,1.0,5,0.9,ABA,OZFQ
371,0,0.75,0.061,1.0,5,0.9,ABB,OZFQ
372,0,0.75,0.061,1.0,10,0.6,AAB,OZFQ
373,0,0.75,0.061,1.0,10,0.6,ABA,OZFQ
374,0,0.75,0.061,1.0,10,0.6,ABB,OZFQ
375,0,0.75,0.061,1.0,10,0.7,AAB,OZFQ
376,0,0.75,0.061,1.0,10,0.7,ABA,OZFQ
377,0,0.75,0.061,1.0,10,0.7,ABB,OZFQ
378,0,0.75,0.061,1.0,10,0.8,AAB,OZFQ
379,0,0.75,0.061,1.0,10,0.8,ABA,OZFQ
380,0,0.75,0.061,1.0,10,0.8,ABB,OZFQ
381,0,0.75,0.061,1.0,10,0.9,AAB,OZFQ
382,0,0.75,0.061,1.0,10,0.9,ABA,OZFQ
383,0,0.75,0.061,1.0,10,0.9,ABB,OZFQ
384,0,0.75,0.057,0.5,1,0.6,AAB,OZFQ
385,0,0.75,0.057,0.5,1,0.6,ABA,OZFQ
386,0,0.75,0.057,0.5,1,0.6,ABB,OZFQ
387,0,0.75,0.057,0.5,1,0.7,AAB,OZFQ
388,0,0.75,0.057,0.5,1,0.7,ABA,OZFQ
389,0,0.75,0.057,0.5,1,0.7,ABB,OZFQ
390,0,0.75,0.057,0.5,1,0.8,AAB,OZFQ
391,0,0.75,0.057,0.5,1,0.8,ABA,OZFQ
392,0,0.75,0.057,0.5,1,0.8,ABB,OZFQ
393,0,0.75,0.057,0.5,1,0.9,AAB,OZFQ
394,0,0.75,0.057,0.5,1,0.9,ABA,OZFQ
395,0,0.75,0.057,0.5,1,0.9,ABB,OZFQ
396,0,0.75,0.057,0.5,2,0.6,AAB,OZFQ
397,0,0.75,0.057,0.5,2,0.6,ABA,OZFQ
398,0,0.75,0.057,0.5,2,0.6,ABB,OZFQ
399,0,0.75,0.057,0.5,2,0.7,AAB,OZFQ
400,0,0.75,0.057,0.5,2,0.7,ABA,OZFQ
401,0,0.75,0.057,0.5,2,0.7,ABB,OZFQ
402,0,0.75,0.057,0.5,2,0.8,AAB,OZFQ
403,0,0.75,0.057,0.5,2,0.8,ABA,OZFQ
404,0,0.75,0.057,0.5,2,0.8,ABB,OZFQ
405,0,0.75,0.057,0.5,2,0.9,AAB,OZFQ
406,0,0.75,0.057,0.5,2,0.9,ABA,OZFQ
407,0,0.75,0.057,0.5,2,0.9,ABB,OZFQ
408,0,0.75,0.057,0.5,5,0.6,AAB,OZFQ
409,0,0.75,0.057,0.5,5,0.6,ABA,OZFQ
410,0,0.75,0.057,0.5,5,0.6,ABB,OZFQ
411,0,0.75,0.057,0.5,5,0.7,AAB,OZFQ
412,0,0.75,0.057,0.5,5,0.7,ABA,OZFQ
413,0,0.75,0.057,0.5,5,0.7,ABB,OZFQ
414,0,0.75,0.057,0.5,5,0.8,AAB,OZFQ
415,0,0.75,0.057,0.5,5,0.8,ABA,OZFQ
416,0,0.75,0.057,0.5,5,0.8,ABB,OZFQ
417,0,0.75,0.057,0.5,5,0.9,AAB,OZFQ
418,0,0.75,0.057,0.5,5,0.9,ABA,OZFQ
419,0,0.75,0.057,0.5,5,0.9,ABB,OZFQ
420,0,0.75,0.057,0.5,10,0.6,AAB,OZFQ
421,0,0.75,0.057,0.5,10,0.6,ABA,OZFQ
422,0,0.75,0.057,0.5,10,0.6,ABB,OZFQ
423,0,0.75,0.057,0.5,10,0.7,AAB,OZFQ
424,0,0.75,0.057,0.5,10,0.7,ABA,OZFQ
425,0,0.75,0.057,0.5,10,0.7,ABB,OZFQ
426,0,0.75,0.057,0.5,10,0.8,AAB,OZFQ
427,0,0.75,0.057,0.5,10,0.8,ABA,OZFQ
428,0,0.75,0.057,0.5,10,0.8,ABB,OZFQ
429,0,0.75,0.057,0.5,10,0.9,AAB,OZFQ
430,0,0.75,0.057,0.5,10,0.9,ABA,OZFQ
431,0,0.75,0.057,0.5,10,0.9,ABB,OZFQ
432,0,0.75,0.0537,0.1,1,0.6,AAB,OZFQ
433,0,0.75,0.0537,0.1,1,0.6,ABA,OZFQ
434,0,0.75,0.0537,0.1,1,0.6,ABB,OZFQ
435,0,0.75,0.0537,0.1,1,0.7,AAB,OZFQ
436,0,0.75,0.0537,0.1,1,0.7,ABA,OZFQ
437,0,0.75,0.0537,0.1,1,0.7,ABB,OZFQ
438,0,0.75,0.0537,0.1,1,0.8,AAB,OZFQ
439,0,0.75,0.0537,0.1,1,0.8,ABA,OZFQ
440,0,0.75,0.0537,0.1,1,0.8,ABB,OZFQ
441,0,0.75,0.0537,0.1,1,0.9,AAB,OZFQ
442,0,0.75,0.0537,0.1,1,0.9,ABA,OZFQ
443,0,0.75,0.0537,0.1,1,0.9,ABB,OZFQ
444,0,0.75,0.0537,0.1,2,0.6,AAB,OZFQ
445,0,0.75,0.0537,0.1,2,0.6,ABA,OZFQ
446,0,0.75,0.0537,0.1,2,0.6,ABB,OZFQ
447,0,0.75,0.0537,0.1,2,0.7,AAB,OZFQ
448,0,0.75,0.0537,0.1,2,0.7,ABA,OZFQ
449,0,0.75,0.0537,0.1,2,0.7,ABB,OZFQ
450,0,0.75,0.0537,0.1,2,0.8,AAB,OZFQ
451,0,0.75,0.0537,0.1,2,0.8,ABA,OZFQ
452,0,0.75,0.0537,0.1,2,0.8,ABB,OZFQ
453,0,0.75,0.0537,0.1,2,0.9,AAB,OZFQ
454,0,0.75,0.0537,0.1,2,0.9,ABA,OZFQ
455,0,0.75,0.0537,0.1,2,0.9,ABB,OZFQ
456,0,0.75,0.0537,0.1,5,0.6,AAB,OZFQ
457,0,0.75,0.0537,0.1,5,0.6,ABA,OZFQ
458,0,0.75,0.0537,0.1,5,0.6,ABB,OZFQ
459,0,0.75,0.0537,0.1,5,0.7,AAB,OZFQ
460,0,0.75,0.0537,0.1,5,0.7,ABA,OZFQ
461,0,0.75,0.0537,0.1,5,0.7,ABB,OZFQ
462,0,0.75,0.0537,0.1,5,0.8,AAB,OZFQ
463,0,0.75,0.0537,0.1,5,0.8,ABA,OZFQ
464,0,0.75,0.0537,0.1,5,0.8,ABB,OZFQ
465,0,0.75,0.0537,0.1,5,0.9,AAB,OZFQ
466,0,0.75,0.0537,0.1,5,0.9,ABA,OZFQ
467,0,0.75,0.0537,0.1,5,0.9,ABB,OZFQ
468,0,0.75,0.0537,0.1,10,0.6,AAB,OZFQ
469,0,0.75,0.0537,0.1,10,0.6,ABA,OZFQ
470,0,0.75,0.0537,0.1,10,0.6,ABB,OZFQ
471,0,0.75,0.0537,0.1,10,0.7,AAB,OZFQ
472,0,0.75,0.0537,0.1,10,0.7,ABA,OZFQ
473,0,0.75,0.0537,0.1,10,0.7,ABB,OZFQ
474,0,0.75,0.0537,0.1,10,0.8,AAB,OZFQ
475,0,0.75,0.0537,0.1,10,0.8,ABA,OZFQ
476,0,0.75,0.0537,0.1,10,0.8,ABB,OZFQ
477,0,0.75,0.0537,0.1,10,0.9,AAB,OZFQ
478,0,0.75,0.0537,0.1,10,0.9,ABA,OZFQ
479,0,0.75,0.0537,0.1,10,0.9,ABB,OZFQ
480,1,0.55,0.06413,3.0,1,0.6,AAB,OZFQ
481,1,0.55,0.06413,3.0,1,0.6,ABA,OZFQ
482,1,0.55,0.06413,3.0,1,0.6,ABB,OZFQ
483,1,0.55,0.06413,3.0,1,0.7,AAB,OZFQ
484,1,0.55,0.06413,3.0,1,0.7,ABA,OZFQ
485,1,0.55,0.06413,3.0,1,0.7,ABB,OZFQ
486,1,0.55,0.06413,3.0,1,0.8,AAB,OZFQ
487,1,0.55,0.06413,3.0,1,0.8,ABA,OZFQ
488,1,0.55,0.06413,3.0,1,0.8,ABB,OZFQ
489,1,0.55,0.06413,3.0,1,0.9,AAB,OZFQ
490,1,0.55,0.06413,3.0,1,0.9,ABA,OZFQ
491,1,0.55,0.06413,3.0,1,0.9,ABB,OZFQ
492,1,0.55,0.06413,3.0,2,0.6,AAB,OZFQ
493,1,0.55,0.06413,3.0,2,0.6,ABA,OZFQ
494,1,0.55,0.06413,3.0,2,0.6,ABB,OZFQ
495,1,0.55,0.06413,3.0,2,0.7,AAB,OZFQ
496,1,0.55,0.06413,3.0,2,0.7,ABA,OZFQ
497,1,0.55,0.06413,3.0,2,0.7,ABB,OZFQ
498,1,0.55,0.06413,3.0,2,0.8,AAB,OZFQ
499,1,0.55,0.06413,3.0,2,0.8,ABA,OZFQ
500,1,0.55,0.06413,3.0,2,0.8,ABB,OZFQ
501,1,0.55,0.06413,3.0,2,0.9,AAB,OZFQ
502,1,0.55,0.06413,3.0,2,0.9,ABA,OZFQ
503,1,0.55,0.06413,3.0,2,0.9,ABB,OZFQ
504,1,0.55,0.06413,3.0,5,0.6,AAB,OZFQ
505,1,0.55,0.06413,3.0,5,0.6,ABA,OZFQ
506,1,0.55,0.06413,3.0,5,0.6,ABB,OZFQ
507,1,0.55,0.06413,3.0,5,0.7,AAB,OZFQ
508,1,0.55,0.06413,3.0,5,0.7,ABA,OZFQ
509,1,0.55,0.06413,3.0,5,0.7,ABB,OZFQ
510,1,0.55,0.06413,3.0,5,0.8,AAB,OZFQ
511,1,0.55,0.06413,3.0,5,0.8,ABA,OZFQ
512,1,0.55,0.06413,3.0,5,0.8,ABB,OZFQ
513,1,0.55,0.06413,3.0,5,0.9,AAB,OZFQ
514,1,0.55,0.06413,3.0,5,0.9,ABA,OZFQ
515,1,0.55,0.06413,3.0,5,0.9,ABB,OZFQ
516,1,0.55,0.06413,3.0,10,0.6,AAB,OZFQ
517,1,0.55,0.06413,3.0,10,0.6,ABA,OZFQ
518,1,0.55,0.06413,3.0,10,0.6,ABB,OZFQ
519,1,0.55,0.06413,3.0,10,0.7,AAB,OZFQ
520,1,0.55,0.06413,3.0,10,0.7,ABA,OZFQ
521,1,0.55,0.06413,3.0,10,0.7,ABB,OZFQ
522,1,0.55,0.06413,3.0,10,0.8,AAB,OZFQ
523,1,0.55,0.06413,3.0,10,0.8,ABA,OZFQ
524,1,0.55,0.06413,3.0,10,0.8,ABB,OZFQ
525,1,0.55,0.06413,3.0,10,0.9,AAB,OZFQ
526,1,0.55,0.06413,3.0,10,0.9,ABA,OZFQ
527,1,0.55,0.06413,3.0,10,0.9,ABB,OZFQ
528,1,0.55,0.0585,2.0,1,0.6,AAB,OZFQ
529,1,0.55,0.0585,2.0,1,0.6,ABA,OZFQ
530,1,0.55,0.0585,2.0,1,0.6,ABB,OZFQ
531,1,0.55,0.0585,2.0,1,0.7,AAB,OZFQ
532,1,0.55,0.0585,2.0,1,0.7,ABA,OZFQ
533,1,0.55,0.0585,2.0,1,0.7,ABB,OZFQ
534,1,0.55,0.0585,2.0,1,0.8,AAB,OZFQ
535,1,0.55,0.0585,2.0,1,0.8,ABA,OZFQ
536,1,0.55,0.0585,2.0,1,0.8,ABB,OZFQ
537,1,0.55,0.0585,2.0,1,0.9,AAB,OZFQ
538,1,0.55,0.0585,2.0,1,0.9,ABA,OZFQ
539,1,0.55,0.0585,2.0,1,0.9,ABB,OZFQ
540,1,0.55,0.0585,2.0,2,0.6,AAB,OZFQ
541,1,0.55,0.0585,2.0,2,0.6,ABA,OZFQ
542,1,0.55,0.0585,2.0,2,0.6,ABB,OZFQ
543,1,0.55,0.0585,2.0,2,0.7,AAB,OZFQ
544,1,0.55,0.0585,2.0,2,0.7,ABA,OZFQ
545,1,0.55,0.0585,2.0,2,0.7,ABB,OZFQ
546,1,0.55,0.0585,2.0,2,0.8,AAB,OZFQ
547,1,0.55,0.0585,2.0,2,0.8,ABA,OZFQ
548,1,0.55,0.0585,2.0,2,0.8,ABB,OZFQ
549,1,0.55,0.0585,2.0,2,0.9,AAB,OZFQ
550,1,0.55,0.0585,2.0,2,0.9,ABA,OZFQ
551,1,0.55,0.0585,2.0,2,0.9,ABB,OZFQ
552,1,0.55,0.0585,2.0,5,0.6,AAB,OZFQ
553,1,0.55,0.0585,2.0,5,0.6,ABA,OZFQ
554,1,0.55,0.0585,2.0,5,0.6,ABB,OZFQ
555,1,0.55,0.0585,2.0,5,0.7,AAB,OZFQ
556,1,0.55,0.0585,2.0,5,0.7,ABA,OZFQ
557,1,0.55,0.0585,2.0,5,0.7,ABB,OZFQ
558,1,0.55,0.0585,2.0,5,0.8,AAB,OZFQ
559,1,0.55,0.0585,2.0,5,0.8,ABA,OZFQ
560,1,0.55,0.0585,2.0,5,0.8,ABB,OZFQ
561,1,0.55,0.0585,2.0,5,0.9,AAB,OZFQ
562,1,0.55,0.0585,2.0,5,0.9,ABA,OZFQ
563,1,0.55,0.0585,2.0,5,0.9,ABB,OZFQ
564,1,0.55,0.0585,2.0,10,0.6,AAB,OZFQ
565,1,0.55,0.0585,2.0,10,0.6,ABA,OZFQ
566,1,0.55,0.0585,2.0,10,0.6,ABB,OZFQ
567,1,0.55,0.0585,2.0,10,0.7,AAB,OZFQ
568,1,0.55,0.0585,2.0,10,0.7,ABA,OZFQ
569,1,0.55,0.0585,2.0,10,0.7,ABB,OZFQ
570,1,0.55,0.0585,2.0,10,0.8,AAB,OZFQ
571,1,0.55,0.0585,2.0,10,0.8,ABA,OZFQ
572,1,0.55,0.0585,2.0,10,0.8,ABB,OZFQ
573,1,0.55,0.0585,2.0,10,0.9,AAB,OZFQ
574,1,0.55,0.0585,2.0,10,0.9,ABA,OZFQ
575,1,0.55,0.0585,2.0,10,0.9,ABB,OZFQ
576,1,0.55,0.0538,1.0,1,0.6,AAB,OZFQ
577,1,0.55,0.0538,1.0,1,0.6,ABA,OZFQ
578,1,0.55,0.0538,1.0,1,0.6,ABB,OZFQ
579,1,0.55,0.0538,1.0,1,0.7,AAB,OZFQ
580,1,0.55,0.0538,1.0,1,0.7,ABA,OZFQ
581,1,0.55,0.0538,1.0,1,0.7,ABB,OZFQ
582,1,0.55,0.0538,1.0,1,0.8,AAB,OZFQ
583,1,0.55,0.0538,1.0,1,0.8,ABA,OZFQ
584,1,0.55,0.0538,1.0,1,0.8,ABB,OZFQ
585,1,0.55,0.0538,1.0,1,0.9,AAB,OZFQ
586,1,0.55,0.0538,1.0,1,0.9,ABA,OZFQ
587,1,0.55,0.0538,1.0,1,0.9,ABB,OZFQ
588,1,0.55,0.0538,1.0,2,0.6,AAB,OZFQ
589,1,0.55,0.0538,1.0,2,0.6,ABA,OZFQ
590,1,0.55,0.0538,1.0,2,0.6,ABB,OZFQ
591,1,0.55,0.0538,1.0,2,0.7,AAB,OZFQ
592,1,0.55,0.0538,1.0,2,0.7,ABA,OZFQ
593,1,0.55,0.0538,1.0,2,0.7,ABB,OZFQ
594,1,0.55,0.0538,1.0,2,0.8,AAB,OZFQ
595,1,0.55,0.0538,1.0,2,0.8,ABA,OZFQ
596,1,0.55,0.0538,1.0,2,0.8,ABB,OZFQ
597,1,0.55,0.0538,1.0,2,0.9,AAB,OZFQ
598,1,0.55,0.0538,1.0,2,0.9,ABA,OZFQ
599,1,0.55,0.0538,1.0,2,0.9,ABB,OZFQ
600,1,0.55,0.0538,1.0,5,0.6,AAB,OZFQ
601,1,0.55,0.0538,1.0,5,0.6,ABA,OZFQ
602,1,0.55,0.0538,1.0,5,0.6,ABB,OZFQ
603,1,0.55,0.0538,1.0,5,0.7,AAB,OZFQ
604,1,0.55,0.0538,1.0,5,0.7,ABA,OZFQ
605,1,0.55,0.0538,1.0,5,0.7,ABB,OZFQ
606,1,0.55,0.0538,1.0,5,0.8,AAB,OZFQ
607,1,0.55,0.0538,1.0,5,0.8,ABA,OZFQ
608,1,0.55,0.0538,1.0,5,0.8,ABB,OZFQ
609,1,0.55,0.0538,1.0,5,0.9,AAB,OZFQ
610,1,0.55,0.0538,1.0,5,0.9,ABA,OZFQ
611,1,0.55,0.0538,1.0,5,0.9,ABB,OZFQ
612,1,0.55,0.0538,1.0,10,0.6,AAB,OZFQ
613,1,0.55,0.0538,1.0,10,0.6,ABA,OZFQ
614,1,0.55,0.0538,1.0,10,0.6,ABB,OZFQ
615,1,0.55,0.0538,1.0,10,0.7,AAB,OZFQ
616,1,0.55,0.0538,1.0,10,0.7,ABA,OZFQ
617,1,0.55,0.0538,1.0,10,0.7,ABB,OZFQ
618,1,0.55,0.0538,1.0,10,0.8,AAB,OZFQ
619,1,0.55,0.0538,1.0,10,0.8,ABA,OZFQ
620,1,0.55,0.0538,1.0,10,0.8,ABB,OZFQ
621,1,0.55,0.0538,1.0,10,0.9,AAB,OZFQ
622,1,0.55,0.0538,1.0,10,0.9,ABA,OZFQ
623,1,0.55,0.0538,1.0,10,0.9,ABB,OZFQ
624,1,0.55,0.0508,0.5,1,0.6,AAB,OZFQ
625,1,0.55,0.0508,0.5,1,0.6,ABA,OZFQ
626,1,0.55,0.0508,0.5,1,0.6,ABB,OZFQ
627,1,0.55,0.0508,0.5,1,0.7,AAB,OZFQ
628,1,0.55,0.0508,0.5,1,0.7,ABA,OZFQ
629,1,0.55,0.0508,0.5,1,0.7,ABB,OZFQ
630,1,0.55,0.0508,0.5,1,0.8,AAB,OZFQ
631,1,0.55,0.0508,0.5,1,0.8,ABA,OZFQ
632,1,0.55,0.0508,0.5,1,0.8,ABB,OZFQ
633,1,0.55,0.0508,0.5,1,0.9,AAB,OZFQ
634,1,0.55,0.0508,0.5,1,0.9,ABA,OZFQ
635,1,0.55,0.0508,0.5,1,0.9,ABB,OZFQ
636,1,0.55,0.0508,0.5,2,0.6,AAB,OZFQ
637,1,0.55,0.0508,0.5,2,0.6,ABA,OZFQ
638,1,0.55,0.0508,0.5,2,0.6,ABB,OZFQ
639,1,0.55,0.0508,0.5,2,0.7,AAB,OZFQ
640,1,0.55,0.0508,0.5,2,0.7,ABA,OZFQ
641,1,0.55,0.0508,0.5,2,0.7,ABB,OZFQ
642,1,0.55,0.0508,0.5,2,0.8,AAB,OZFQ
643,1,0.55,0.0508,0.5,2,0.8,ABA,OZFQ
644,1,0.55,0.0508,0.5,2,0.8,ABB,OZFQ
645,1,0.55,0.0508,0.5,2,0.9,AAB,OZFQ
646,1,0.55,0.0508,0.5,2,0.9,ABA,OZFQ
647,1,0.55,0.0508,0.5,2,0.9,ABB,OZFQ
648,1,0.55,0.0508,0.5,5,0.6,AAB,OZFQ
649,1,0.55,0.0508,0.5,5,0.6,ABA,OZFQ
650,1,0.55,0.0508,0.5,5,0.6,ABB,OZFQ
651,1,0.55,0.0508,0.5,5,0.7,AAB,OZFQ
652,1,0.55,0.0508,0.5,5,0.7,ABA,OZFQ
653,1,0.55,0.0508,0.5,5,0.7,ABB,OZFQ
654,1,0.55,0.0508,0.5,5,0.8,AAB,OZFQ
655,1,0.55,0.0508,0.5,5,0.8,ABA,OZFQ
656,1,0.55,0.0508,0.5,5,0.8,ABB,OZFQ
657,1,0.55,0.0508,0.5,5,0.9,AAB,OZFQ
658,1,0.55,0.0508,0.5,5,0.9,ABA,OZFQ
659,1,0.55,0.0508,0.5,5,0.9,ABB,OZFQ
660,1,0.55,0.0508,0.5,10,0.6,AAB,OZFQ
661,1,0.55,0.0508,0.5,10,0.6,ABA,OZFQ
662,1,0.55,0.0508,0.5,10,0.6,ABB,OZFQ
663,1,0.55,0.0508,0.5,10,0.7,AAB,OZFQ
664,1,0.55,0.0508,0.5,10,0.7,ABA,OZFQ
665,1,0.55,0.0508,0.5,10,0.7,ABB,OZFQ
666,1,0.55,0.0508,0.5,10,0.8,AAB,OZFQ
667,1,0.55,0.0508,0.5,10,0.8,ABA,OZFQ
668,1,0.55,0.0508,0.5,10,0.8,ABB,OZFQ
669,1,0.55,0.0508,0.5,10,0.9,AAB,OZFQ
670,1,0.55,0.0508,0.5,10,0.9,ABA,OZFQ
671,1,0.55,0.0508,0.5,10,0.9,ABB,OZFQ
672,1,0.55,0.0475,0.1,1,0.6,AAB,OZFQ
673,1,0.55,0.0475,0.1,1,0.6,ABA,OZFQ
674,1,0.55,0.0475,0.1,1,0.6,ABB,OZFQ
675,1,0.55,0.0475,0.1,1,0.7,AAB,OZFQ
676,1,0.55,0.0475,0.1,1,0.7,ABA,OZFQ
677,1,0.55,0.0475,0.1,1,0.7,ABB,OZFQ
678,1,0.55,0.0475,0.1,1,0.8,AAB,OZFQ
679,1,0.55,0.0475,0.1,1,0.8,ABA,OZFQ
680,1,0.55,0.0475,0.1,1,0.8,ABB,OZFQ
681,1,0.55,0.0475,0.1,1,0.9,AAB,OZFQ
682,1,0.55,0.0475,0.1,1,0.9,ABA,OZFQ
683,1,0.55,0.0475,0.1,1,0.9,ABB,OZFQ
684,1,0.55,0.0475,0.1,2,0.6,AAB,OZFQ
685,1,0.55,0.0475,0.1,2,0.6,ABA,OZFQ
686,1,0.55,0.0475,0.1,2,0.6,ABB,OZFQ
687,1,0.55,0.0475,0.1,2,0.7,AAB,OZFQ
688,1,0.55,0.0475,0.1,2,0.7,ABA,OZFQ
689,1,0.55,0.0475,0.1,2,0.7,ABB,OZFQ
690,1,0.55,0.0475,0.1,2,0.8,AAB,OZFQ
691,1,0.55,0.0475,0.1,2,0.8,ABA,OZFQ
692,1,0.55,0.0475,0.1,2,0.8,ABB,OZFQ
693,1,0.55,0.0475,0.1,2,0.9,AAB,OZFQ
694,1,0.55,0.0475,0.1,2,0.9,ABA,OZFQ
695,1,0.55,0.0475,0.1,2,0.9,ABB,OZFQ
696,1,0.55,0.0475,0.1,5,0.6,AAB,OZFQ
697,1,0.55,0.0475,0.1,5,0.6,ABA,OZFQ
698,1,0.55,0.0475,0.1,5,0.6,ABB,OZFQ
699,1,0.55,0.0475,0.1,5,0.7,AAB,OZFQ
700,1,0.55,0.0475,0.1,5,0.7,ABA,OZFQ
701,1,0.55,0.0475,0.1,5,0.7,ABB,OZFQ
702,1,0.55,0.0475,0.1,5,0.8,AAB,OZFQ
703,1,0.55,0.0475,0.1,5,0.8,ABA,OZFQ
704,1,0.55,0.0475,0.1,5,0.8,ABB,OZFQ
705,1,0.55,0.0475,0.1,5,0.9,AAB,OZFQ
706,1,0.55,0.0475,0.1,5,0.9,ABA,OZFQ
707,1,0.55,0.0475,0.1,5,0.9,ABB,OZFQ
708,1,0.55,0.0475,0.1,10,0.6,AAB,OZFQ
709,1,0.55,0.0475,0.1,10,0.6,ABA,OZFQ
710,1,0.55,0.0475,0.1,10,0.6,ABB,OZFQ
711,1,0.55,0.0475,0.1,10,0.7,AAB,OZFQ
712,1,0.55,0.0475,0.1,10,0.7,ABA,OZFQ
713,1,0.55,0.0475,0.1,10,0.7,ABB,OZFQ
714,1,0.55,0.0475,0.1,10,0.8,AAB,OZFQ
715,1,0.55,0.0475,0.1,10,0.8,ABA,OZFQ
716,1,0.55,0.0475,0.1,10,0.8,ABB,OZFQ
717,1,0.55,0.0475,0.1,10,0.9,AAB,OZFQ
718,1,0.55,0.0475,0.1,10,0.9,ABA,OZFQ
719,1,0.55,0.0475,0.1,10,0.9,ABB,OZFQ
720,1,0.75,0.0735,3.0,1,0.6,AAB,OZFQ
721,1,0.75,0.0735,3.0,1,0.6,ABA,OZFQ
722,1,0.75,0.0735,3.0,1,0.6,ABB,OZFQ
723,1,0.75,0.0735,3.0,1,0.7,AAB,OZFQ
724,1,0.75,0.0735,3.0,1,0.7,ABA,OZFQ
725,1,0.75,0.0735,3.0,1,0.7,ABB,OZFQ
726,1,0.75,0.0735,3.0,1,0.8,AAB,OZFQ
727,1,0.75,0.0735,3.0,1,0.8,ABA,OZFQ
728,1,0.75,0.0735,3.0,1,0.8,ABB,OZFQ
729,1,0.75,0.0735,3.0,1,0.9,AAB,OZFQ
730,1,0.75,0.0735,3.0,1,0.9,ABA,OZFQ
731,1,0.75,0.0735,3.0,1,0.9,ABB,OZFQ
732,1,0.75,0.0735,3.0,2,0.6,AAB,OZFQ
733,1,0.75,0.0735,3.0,2,0.6,ABA,OZFQ
734,1,0.75,0.0735,3.0,2,0.6,ABB,OZFQ
735,1,0.75,0.0735,3.0,2,0.7,AAB,OZFQ
736,1,0.75,0.0735,3.0,2,0.7,ABA,OZFQ
737,1,0.75,0.0735,3.0,2,0.7,ABB,OZFQ
738,1,0.75,0.0735,3.0,2,0.8,AAB,OZFQ
739,1,0.75,0.0735,3.0,2,0.8,ABA,OZFQ
740,1,0.75,0.0735,3.0,2,0.8,ABB,OZFQ
741,1,0.75,0.0735,3.0,2,0.9,AAB,OZFQ
742,1,0.75,0.0735,3.0,2,0.9,ABA,OZFQ
743,1,0.75,0.0735,3.0,2,0.9,ABB,OZFQ
744,1,0.75,0.0735,3.0,5,0.6,AAB,OZFQ
745,1,0.75,0.0735,3.0,5,0.6,ABA,OZFQ
746,1,0.75,0.0735,3.0,5,0.6,ABB,OZFQ
747,1,0.75,0.0735,3.0,5,0.7,AAB,OZFQ
748,1,0.75,0.0735,3.0,5,0.7,ABA,OZFQ
749,1,0.75,0.0735,3.0,5,0.7,ABB,OZFQ
750,1,0.75,0.0735,3.0,5,0.8,AAB,OZFQ
751,1,0.75,0.0735,3.0,5,0.8,ABA,OZFQ
752,1,0.75,0.0735,3.0,5,0.8,ABB,OZFQ
753,1,0.75,0.0735,3.0,5,0.9,AAB,OZFQ
754,1,0.75,0.0735,3.0,5,0.9,ABA,OZFQ
755,1,0.75,0.0735,3.0,5,0.9,ABB,OZFQ
756,1,0.75,0.0735,3.0,10,0.6,AAB,OZFQ
757,1,0.75,0.0735,3.0,10,0.6,ABA,OZFQ
758,1,0.75,0.0735,3.0,10,0.6,ABB,OZFQ
759,1,0.75,0.0735,3.0,10,0.7,AAB,OZFQ
760,1,0.75,0.0735,3.0,10,0.7,ABA,OZFQ
761,1,0.75,0.0735,3.0,10,0.7,ABB,OZFQ
762,1,0.75,0.0735,3.0,10,0.8,AAB,OZFQ
763,1,0.75,0.0735,3.0,10,0.8,ABA,OZFQ
764,1,0.75,0.0735,3.0,10,0.8,ABB,OZFQ
765,1,0.75,0.0735,3.0,10,0.9,AAB,OZFQ
766,1,0.75,0.0735,3.0,10,0.9,ABA,OZFQ
767,1,0.75,0.0735,3.0,10,0.9,ABB,OZFQ
768,1,0.75,0.067,2.0,1,0.6,AAB,OZFQ
769,1,0.75,0.067,2.0,1,0.6,ABA,OZFQ
770,1,0.75,0.067,2.0,1,0.6,ABB,OZFQ
771,1,0.75,0.067,2.0,1,0.7,AAB,OZFQ
772,1,0.75,0.067,2.0,1,0.7,ABA,OZFQ
773,1,0.75,0.067,2.0,1,0.7,ABB,OZFQ
774,1,0.75,0.067,2.0,1,0.8,AAB,OZFQ
775,1,0.75,0.067,2.0,1,0.8,ABA,OZFQ
776,1,0.75,0.067,2.0,1,0.8,ABB,OZFQ
777,1,0.75,0.067,2.0,1,0.9,AAB,OZFQ
778,1,0.75,0.067,2.0,1,0.9,ABA,OZFQ
779,1,0.75,0.067,2.0,1,0.9,ABB,OZFQ
780,1,0.75,0.067,2.0,2,0.6,AAB,OZFQ
781,1,0.75,0.067,2.0,2,0.6,ABA,OZFQ
782,1,0.75,0.067,2.0,2,0.6,ABB,OZFQ
783,1,0.75,0.067,2.0,2,0.7,AAB,OZFQ
784,1,0.75,0.067,2.0,2,0.7,ABA,OZFQ
785,1,0.75,0.067,2.0,2,0.7,ABB,OZFQ
786,1,0.75,0.067,2.0,2,0.8,AAB,OZFQ
787,1,0.75,0.067,2.0,2,0.8,ABA,OZFQ
788,1,0.75,0.067,2.0,2,0.8,ABB,OZFQ
789,1,0.75,0.067,2.0,2,0.9,AAB,OZFQ
790,1,0.75,0.067,2.0,2,0.9,ABA,OZFQ
791,1,0.75,0.067,2.0,2,0.9,ABB,OZFQ
792,1,0.75,0.067,2.0,5,0.6,AAB,OZFQ
793,1,0.75,0.067,2.0,5,0.6,ABA,OZFQ
794,1,0.75,0.067,2.0,5,0.6,ABB,OZFQ
795,1,0.75,0.067,2.0,5,0.7,AAB,OZFQ
796,1,0.75,0.067,2.0,5,0.7,ABA,OZFQ
797,1,0.75,0.067,2.0,5,0.7,ABB,OZFQ
798,1,0.75,0.067,2.0,5,0.8,AAB,OZFQ
799,1,0.75,0.067,2.0,5,0.8,ABA,OZFQ
800,1,0.75,0.067,2.0,5,0.8,ABB,OZFQ
801,1,0.75,0.067,2.0,5,0.9,AAB,OZFQ
802,1,0.75,0.067,2.0,5,0.9,ABA,OZFQ
803,1,0.75,0.067,2.0,5,0.9,ABB,OZFQ
804,1,0.75,0.067,2.0,10,0.6,AAB,OZFQ
805,1,0.75,0.067,2.0,10,0.6,ABA,OZFQ
806,1,0.75,0.067,2.0,10,0.6,ABB,OZFQ
807,1,0.75,0.067,2.0,10,0.7,AAB,OZFQ
808,1,0.75,0.067,2.0,10,0.7,ABA,OZFQ
809,1,0.75,0.067,2.0,10,0.7,ABB,OZFQ
810,1,0.75,0.067,2.0,10,0.8,AAB,OZFQ
811,1,0.75,0.067,2.0,10,0.8,ABA,OZFQ
812,1,0.75,0.067,2.0,10,0.8,ABB,OZFQ
813,1,0.75,0.067,2.0,10,0.9,AAB,OZFQ
814,1,0.75,0.067,2.0,10,0.9,ABA,OZFQ
815,1,0.75,0.067,2.0,10,0.9,ABB,OZFQ
816,1,0.75,0.061,1.0,1,0.6,AAB,OZFQ
817,1,0.75,0.061,1.0,1,0.6,ABA,OZFQ
818,1,0.75,0.061,1.0,1,0.6,ABB,OZFQ
819,1,0.75,0.061,1.0,1,0.7,AAB,OZFQ
820,1,0.75,0.061,1.0,1,0.7,ABA,OZFQ
821,1,0.75,0.061,1.0,1,0.7,ABB,OZFQ
822,1,0.75,0.061,1.0,1,0.8,AAB,OZFQ
823,1,0.75,0.061,1.0,1,0.8,ABA,OZFQ
824,1,0.75,0.061,1.0,1,0.8,ABB,OZFQ
825,1,0.75,0.061,1.0,1,0.9,AAB,OZFQ
826,1,0.75,0.061,1.0,1,0.9,ABA,OZFQ
827,1,0.75,0.061,1.0,1,0.9,ABB,OZFQ
828,1,0.75,0.061,1.0,2,0.6,AAB,OZFQ
829,1,0.75,0.061,1.0,2,0.6,ABA,OZFQ
830,1,0.75,0.061,1.0,2,0.6,ABB,OZFQ
831,1,0.75,0.061,1.0,2,0.7,AAB,OZFQ
832,1,0.75,0.061,1.0,2,0.7,ABA,OZFQ
833,1,0.75,0.061,1.0,2,0.7,ABB,OZFQ
834,1,0.75,0.061,1.0,2,0.8,AAB,OZFQ
835,1,0.75,0.061,1.0,2,0.8,ABA,OZFQ
836,1,0.75,0.061,1.0,2,0.8,ABB,OZFQ
837,1,0.75,0.061,1.0,2,0.9,AAB,OZFQ
838,1,0.75,0.061,1.0,2,0.9,ABA,OZFQ
839,1,0.75,0.061,1.0,2,0.9,ABB,OZFQ
840,1,0.75,0.061,1.0,5,0.6,AAB,OZFQ
841,1,0.75,0.061,1.0,5,0.6,ABA,OZFQ
842,1,0.75,0.061,1.0,5,0.6,ABB,OZFQ
843,1,0.75,0.061,1.0,5,0.7,AAB,OZFQ
844,1,0.75,0.061,1.0,5,0.7,ABA,OZFQ
845,1,0.75,0.061,1.0,5,0.7,ABB,OZFQ
846,1,0.75,0.061,1.0,5,0.8,AAB,OZFQ
847,1,0.75,0.061,1.0,5,0.8,ABA,OZFQ
848,1,0.75,0.061,1.0,5,0.8,ABB,OZFQ
849,1,0.75,0.061,1.0,5,0.9,AAB,OZFQ
850,1,0.75,0.061,1.0,5,0.9,ABA,OZFQ
851,1,0.75,0.061,1.0,5,0.9,ABB,OZFQ
852,1,0.75,0.061,1.0,10,0.6,AAB,OZFQ
853,1,0.75,0.061,1.0,10,0.6,ABA,OZFQ
854,1,0.75,0.061,1.0,10,0.6,ABB,OZFQ
855,1,0.75,0.061,1.0,10,0.7,AAB,OZFQ
856,1,0.75,0.061,1.0,10,0.7,ABA,OZFQ
857,1,0.75,0.061,1.0,10,0.7,ABB,OZFQ
858,1,0.75,0.061,1.0,10,0.8,AAB,OZFQ
859,1,0.75,0.061,1.0,10,0.8,ABA,OZFQ
860,1,0.75,0.061,1.0,10,0.8,ABB,OZFQ
861,1,0.75,0.061,1.0,10,0.9,AAB,OZFQ
862,1,0.75,0.061,1.0,10,0.9,ABA,OZFQ
863,1,0.75,0.061,1.0,10,0.9,ABB,OZFQ
864,1,0.75,0.057,0.5,1,0.6,AAB,OZFQ
865,1,0.75,0.057,0.5,1,0.6,ABA,OZFQ
866,1,0.75,0.057,0.5,1,0.6,ABB,OZFQ
867,1,0.75,0.057,0.5,1,0.7,AAB,OZFQ
868,1,0.75,0.057,0.5,1,0.7,ABA,OZFQ
869,1,0.75,0.057,0.5,1,0.7,ABB,OZFQ
870,1,0.75,0.057,0.5,1,0.8,AAB,OZFQ
871,1,0.75,0.057,0.5,1,0.8,ABA,OZFQ
872,1,0.75,0.057,0.5,1,0.8,ABB,OZFQ
873,1,0.75,0.057,0.5,1,0.9,AAB,OZFQ
874,1,0.75,0.057,0.5,1,0.9,ABA,OZFQ
875,1,0.75,0.057,0.5,1,0.9,ABB,OZFQ
876,1,0.75,0.057,0.5,2,0.6,AAB,OZFQ
877,1,0.75,0.057,0.5,2,0.6,ABA,OZFQ
878,1,0.75,0.057,0.5,2,0.6,ABB,OZFQ
879,1,0.75,0.057,0.5,2,0.7,AAB,OZFQ
880,1,0.75,0.057,0.5,2,0.7,ABA,OZFQ
881,1,0.75,0.057,0.5,2,0.7,ABB,OZFQ
882,1,0.75,0.057,0.5,2,0.8,AAB,OZFQ
883,1,0.75,0.057,0.5,2,0.8,ABA,OZFQ
884,1,0.75,0.057,0.5,2,0.8,ABB,OZFQ
885,1,0.75,0.057,0.5,2,0.9,AAB,OZFQ
886,1,0.75,0.057,0.5,2,0.9,ABA,OZFQ
887,1,0.75,0.057,0.5,2,0.9,ABB,OZFQ
888,1,0.75,0.057,0.5,5,0.6,AAB,OZFQ
889,1,0.75,0.057,0.5,5,0.6,ABA,OZFQ
890,1,0.75,0.057,0.5,5,0.6,ABB,OZFQ
891,1,0.75,0.057,0.5,5,0.7,AAB,OZFQ
892,1,0.75,0.057,0.5,5,0.7,ABA,OZFQ
893,1,0.75,0.057,0.5,5,0.7,ABB,OZFQ
894,1,0.75,0.057,0.5,5,0.8,AAB,OZFQ
895,1,0.75,0.057,0.5,5,0.8,ABA,OZFQ
896,1,0.75,0.057,0.5,5,0.8,ABB,OZFQ
897,1,0.75,0.057,0.5,5,0.9,AAB,OZFQ
898,1,0.75,0.057,0.5,5,0.9,ABA,OZFQ
899,1,0.75,0.057,0.5,5,0.9,ABB,OZFQ
900,1,0.75,0.057,0.5,10,0.6,AAB,OZFQ
901,1,0.75,0.057,0.5,10,0.6,ABA,OZFQ
902,1,0.75,0.057,0.5,10,0.6,ABB,OZFQ
903,1,0.75,0.057,0.5,10,0.7,AAB,OZFQ
904,1,0.75,0.057,0.5,10,0.7,ABA,OZFQ
905,1,0.75,0.057,0.5,10,0.7,ABB,OZFQ
906,1,0.75,0.057,0.5,10,0.8,AAB,OZFQ
907,1,0.75,0.057,0.5,10,0.8,ABA,OZFQ
908,1,0.75,0.057,0.5,10,0.8,ABB,OZFQ
909,1,0.75,0.057,0.5,10,0.9,AAB,OZFQ
910,1,0.75,0.057,0.5,10,0.9,ABA,OZFQ
911,1,0.75,0.057,0.5,10,0.9,ABB,OZFQ
912,1,0.75,0.0537,0.1,1,0.6,AAB,OZFQ
913,1,0.75,0.0537,0.1,1,0.6,ABA,OZFQ
914,1,0.75,0.0537,0.1,1,0.6,ABB,OZFQ
915,1,0.75,0.0537,0.1,1,0.7,AAB,OZFQ
916,1,0.75,0.0537,0.1,1,0.7,ABA,OZFQ
917,1,0.75,0.0537,0.1,1,0.7,ABB,OZFQ
918,1,0.75,0.0537,0.1,1,0.8,AAB,OZFQ
919,1,0.75,0.0537,0.1,1,0.8,ABA,OZFQ
920,1,0.75,0.0537,0.1,1,0.8,ABB,OZFQ
921,1,0.75,0.0537,0.1,1,0.9,AAB,OZFQ
922,1,0.75,0.0537,0.1,1,0.9,ABA,OZFQ
923,1,0.75,0.0537,0.1,1,0.9,ABB,OZFQ
924,1,0.75,0.0537,0.1,2,0.6,AAB,OZFQ
925,1,0.75,0.0537,0.1,2,0.6,ABA,OZFQ
926,1,0.75,0.0537,0.1,2,0.6,ABB,OZFQ
927,1,0.75,0.0537,0.1,2,0.7,AAB,OZFQ
928,1,0.75,0.0537,0.1,2,0.7,ABA,OZFQ
929,1,0.75,0.0537,0.1,2,0.7,ABB,OZFQ
930,1,0.75,0.0537,0.1,2,0.8,AAB,OZFQ
931,1,0.75,0.0537,0.1,2,0.8,ABA,OZFQ
932,1,0.75,0.0537,0.1,2,0.8,ABB,OZFQ
933,1,0.75,0.0537,0.1,2,0.9,AAB,OZFQ
934,1,0.75,0.0537,0.1,2,0.9,ABA,OZFQ
935,1,0.75,0.0537,0.1,2,0.9,ABB,OZFQ
936,1,0.75,0.0537,0.1,5,0.6,AAB,OZFQ
937,1,0.75,0.0537,0.1,5,0.6,ABA,OZFQ
938,1,0.75,0.0537,0.1,5,0.6,ABB,OZFQ
939,1,0.75,0.0537,0.1,5,0.7,AAB,OZFQ
940,1,0.75,0.0537,0.1,5,0.7,ABA,OZFQ
941,1,0.75,0.0537,0.1,5,0.7,ABB,OZFQ
942,1,0.75,0.0537,0.1,5,0.8,AAB,OZFQ
943,1,0.75,0.0537,0.1,5,0.8,ABA,OZFQ
944,1,0.75,0.0537,0.1,5,0.8,ABB,OZFQ
945,1,0.75,0.0537,0.1,5,0.9,AAB,OZFQ
946,1,0.75,0.0537,0.1,5,0.9,ABA,OZFQ
947,1,0.75,0.0537,0.1,5,0.9,ABB,OZFQ
948,1,0.75,0.0537,0.1,10,0.6,AAB,OZFQ
949,1,0.75,0.0537,0.1,10,0.6,ABA,OZFQ
950,1,0.75,0.0537,0.1,10,0.6,ABB,OZFQ
951,1,0.75,0.0537,0.1,10,0.7,AAB,OZFQ
952,1,0.75,0.0537,0.1,10,0.7,ABA,OZFQ
953,1,0.75,0.0537,0.1,10,0.7,ABB,OZFQ
954,1,0.75,0.0537,0.1,10,0.8,AAB,OZFQ
955,1,0.75,0.0537,0.1,10,0.8,ABA,OZFQ
956,1,0.75,0.0537,0.1,10,0.8,ABB,OZFQ
957,1,0.75,0.0537,0.1,10,0.9,AAB,OZFQ
958,1,0.75,0.0537,0.1,10,0.9,ABA,OZFQ
959,1,0.75,0.0537,0.1,10,0.9,ABB,OZFQ
960,2,0.55,0.06413,3.0,1,0.6,AAB,OZFQ
961,2,0.55,0.06413,3.0,1,0.6,ABA,OZFQ
962,2,0.55,0.06413,3.0,1,0.6,ABB,OZFQ
963,2,0.55,0.06413,3.0,1,0.7,AAB,OZFQ
964,2,0.55,0.06413,3.0,1,0.7,ABA,OZFQ
965,2,0.55,0.06413,3.0,1,0.7,ABB,OZFQ
966,2,0.55,0.06413,3.0,1,0.8,AAB,OZFQ
967,2,0.55,0.06413,3.0,1,0.8,ABA,OZFQ
968,2,0.55,0.06413,3.0,1,0.8,ABB,OZFQ
969,2,0.55,0.06413,3.0,1,0.9,AAB,OZFQ
970,2,0.55,0.06413,3.0,1,0.9,ABA,OZFQ
971,2,0.55,0.06413,3.0,1,0.9,ABB,OZFQ
972,2,0.55,0.06413,3.0,2,0.6,AAB,OZFQ
973,2,0.55,0.06413,3.0,2,0.6,ABA,OZFQ
974,2,0.55,0.06413,3.0,2,0.6,ABB,OZFQ
975,2,0.55,0.06413,3.0,2,0.7,AAB,OZFQ
976,2,0.55,0.06413,3.0,2,0.7,ABA,OZFQ
977,2,0.55,0.06413,3.0,2,0.7,ABB,OZFQ
978,2,0.55,0.06413,3.0,2,0.8,AAB,OZFQ
979,2,0.55,0.06413,3.0,2,0.8,ABA,OZFQ
980,2,0.55,0.06413,3.0,2,0.8,ABB,OZFQ
981,2,0.55,0.06413,3.0,2,0.9,AAB,OZFQ
982,2,0.55,0.06413,3.0,2,0.9,ABA,OZFQ
983,2,0.55,0.06413,3.0,2,0.9,ABB,OZFQ
984,2,0.55,0.06413,3.0,5,0.6,AAB,OZFQ
985,2,0.55,0.06413,3.0,5,0.6,ABA,OZFQ
986,2,0.55,0.06413,3.0,5,0.6,ABB,OZFQ
987,2,0.55,0.06413,3.0,5,0.7,AAB,OZFQ
988,2,0.55,0.06413,3.0,5,0.7,ABA,OZFQ
989,2,0.55,0.06413,3.0,5,0.7,ABB,OZFQ
990,2,0.55,0.06413,3.0,5,0.8,AAB,OZFQ
991,2,0.55,0.06413,3.0,5,0.8,ABA,OZFQ
992,2,0.55,0.06413,3.0,5,0.8,ABB,OZFQ
993,2,0.55,0.06413,3.0,5,0.9,AAB,OZFQ
994,2,0.55,0.06413,3.0,5,0.9,ABA,OZFQ
995,2,0.55,0.06413,3.0,5,0.9,ABB,OZFQ
996,2,0.55,0.06413,3.0,10,0.6,AAB,OZFQ
997,2,0.55,0.06413,3.0,10,0.6,ABA,OZFQ
998,2,0.55,0.06413,3.0,10,0.6,ABB,OZFQ
999,2,0.55,0.06413,3.0,10,0.7,AAB,OZFQ
1000,2,0.55,0.06413,3.0,10,0.7,ABA,OZFQ
1001,2,0.55,0.06413,3.0,10,0.7,ABB,OZFQ
1002,2,0.55,0.06413,3.0,10,0.8,AAB,OZFQ
1003,2,0.55,0.06413,3.0,10,0.8,ABA,OZFQ
1004,2,0.55,0.06413,3.0,10,0.8,ABB,OZFQ
1005,2,0.55,0.06413,3.0,10,0.9,AAB,OZFQ
1006,2,0.55,0.06413,3.0,10,0.9,ABA,OZFQ
1007,2,0.55,0.06413,3.0,10,0.9,ABB,OZFQ
1008,2,0.55,0.0585,2.0,1,0.6,AAB,OZFQ
1009,2,0.55,0.0585,2.0,1,0.6,ABA,OZFQ
1010,2,0.55,0.0585,2.0,1,0.6,ABB,OZFQ
1011,2,0.55,0.0585,2.0,1,0.7,AAB,OZFQ
1012,2,0.55,0.0585,2.0,1,0.7,ABA,OZFQ
1013,2,0.55,0.0585,2.0,1,0.7,ABB,OZFQ
1014,2,0.55,0.0585,2.0,1,0.8,AAB,OZFQ
1015,2,0.55,0.0585,2.0,1,0.8,ABA,OZFQ
1016,2,0.55,0.0585,2.0,1,0.8,ABB,OZFQ
1017,2,0.55,0.0585,2.0,1,0.9,AAB,OZFQ
1018,2,0.55,0.0585,2.0,1,0.9,ABA,OZFQ
1019,2,0.55,0.0585,2.0,1,0.9,ABB,OZFQ
1020,2,0.55,0.0585,2.0,2,0.6,AAB,OZFQ
1021,2,0.55,0.0585,2.0,2,0.6,ABA,OZFQ
1022,2,0.55,0.0585,2.0,2,0.6,ABB,OZFQ
1023,2,0.55,0.0585,2.0,2,0.7,AAB,OZFQ
1024,2,0.55,0.0585,2.0,2,0.7,ABA,OZFQ
1025,2,0.55,0.0585,2.0,2,0.7,ABB,OZFQ
1026,2,0.55,0.0585,2.0,2,0.8,AAB,OZFQ
1027,2,0.55,0.0585,2.0,2,0.8,ABA,OZFQ
1028,2,0.55,0.0585,2.0,2,0.8,ABB,OZFQ
1029,2,0.55,0.0585,2.0,2,0.9,AAB,OZFQ
1030,2,0.55,0.0585,2.0,2,0.9,ABA,OZFQ
1031,2,0.55,0.0585,2.0,2,0.9,ABB,OZFQ
1032,2,0.55,0.0585,2.0,5,0.6,AAB,OZFQ
1033,2,0.55,0.0585,2.0,5,0.6,ABA,OZFQ
1034,2,0.55,0.0585,2.0,5,0.6,ABB,OZFQ
1035,2,0.55,0.0585,2.0,5,0.7,AAB,OZFQ
1036,2,0.55,0.0585,2.0,5,0.7,ABA,OZFQ
1037,2,0.55,0.0585,2.0,5,0.7,ABB,OZFQ
1038,2,0.55,0.0585,2.0,5,0.8,AAB,OZFQ
1039,2,0.55,0.0585,2.0,5,0.8,ABA,OZFQ
1040,2,0.55,0.0585,2.0,5,0.8,ABB,OZFQ
1041,2,0.55,0.0585,2.0,5,0.9,AAB,OZFQ
1042,2,0.55,0.0585,2.0,5,0.9,ABA,OZFQ
1043,2,0.55,0.0585,2.0,5,0.9,ABB,OZFQ
1044,2,0.55,0.0585,2.0,10,0.6,AAB,OZFQ
1045,2,0.55,0.0585,2.0,10,0.6,ABA,OZFQ
1046,2,0.55,0.0585,2.0,10,0.6,ABB,OZFQ
1047,2,0.55,0.0585,2.0,10,0.7,AAB,OZFQ
1048,2,0.55,0.0585,2.0,10,0.7,ABA,OZFQ
1049,2,0.55,0.0585,2.0,10,0.7,ABB,OZFQ
1050,2,0.55,0.0585,2.0,10,0.8,AAB,OZFQ
1051,2,0.55,0.0585,2.0,10,0.8,ABA,OZFQ
1052,2,0.55,0.0585,2.0,10,0.8,ABB,OZFQ
1053,2,0.55,0.0585,2.0,10,0.9,AAB,OZFQ
1054,2,0.55,0.0585,2.0,10,0.9,ABA,OZFQ
1055,2,0.55,0.0585,2.0,10,0.9,ABB,OZFQ
1056,2,0.55,0.0538,1.0,1,0.6,AAB,OZFQ
1057,2,0.55,0.0538,1.0,1,0.6,ABA,OZFQ
1058,2,0.55,0.0538,1.0,1,0.6,ABB,OZFQ
1059,2,0.55,0.0538,1.0,1,0.7,AAB,OZFQ
1060,2,0.55,0.0538,1.0,1,0.7,ABA,OZFQ
1061,2,0.55,0.0538,1.0,1,0.7,ABB,OZFQ
1062,2,0.55,0.0538,1.0,1,0.8,AAB,OZFQ
1063,2,0.55,0.0538,1.0,1,0.8,ABA,OZFQ
1064,2,0.55,0.0538,1.0,1,0.8,ABB,OZFQ
1065,2,0.55,0.0538,1.0,1,0.9,AAB,OZFQ
1066,2,0.55,0.0538,1.0,1,0.9,ABA,OZFQ
1067,2,0.55,0.0538,1.0,1,0.9,ABB,OZFQ
1068,2,0.55,0.0538,1.0,2,0.6,AAB,OZFQ
1069,2,0.55,0.0538,1.0,2,0.6,ABA,OZFQ
1070,2,0.55,0.0538,1.0,2,0.6,ABB,OZFQ
1071,2,0.55,0.0538,1.0,2,0.7,AAB,OZFQ
1072,2,0.55,0.0538,1.0,2,0.7,ABA,OZFQ
1073,2,0.55,0.0538,1.0,2,0.7,ABB,OZFQ
1074,2,0.55,0.0538,1.0,2,0.8,AAB,OZFQ
1075,2,0.55,0.0538,1.0,2,0.8,ABA,OZFQ
1076,2,0.55,0.0538,1.0,2,0.8,ABB,OZFQ
1077,2,0.55,0.0538,1.0,2,0.9,AAB,OZFQ
1078,2,0.55,0.0538,1.0,2,0.9,ABA,OZFQ
1079,2,0.55,0.0538,1.0,2,0.9,ABB,OZFQ
1080,2,0.55,0.0538,1.0,5,0.6,AAB,OZFQ
1081,2,0.55,0.0538,1.0,5,0.6,ABA,OZFQ
1082,2,0.55,0.0538,1.0,5,0.6,ABB,OZFQ
1083,2,0.55,0.0538,1.0,5,0.7,AAB,OZFQ
1084,2,0.55,0.0538,1.0,5,0.7,ABA,OZFQ
1085,2,0.55,0.0538,1.0,5,0.7,ABB,OZFQ
1086,2,0.55,0.0538,1.0,5,0.8,AAB,OZFQ
1087,2,0.55,0.0538,1.0,5,0.8,ABA,OZFQ
1088,2,0.55,0.0538,1.0,5,0.8,ABB,OZFQ
1089,2,0.55,0.0538,1.0,5,0.9,AAB,OZFQ
1090,2,0.55,0.0538,1.0,5,0.9,ABA,OZFQ
1091,2,0.55,0.0538,1.0,5,0.9,ABB,OZFQ
1092,2,0.55,0.0538,1.0,10,0.6,AAB,OZFQ
1093,2,0.55,0.0538,1.0,10,0.6,ABA,OZFQ
1094,2,0.55,0.0538,1.0,10,0.6,ABB,OZFQ
1095,2,0.55,0.0538,1.0,10,0.7,AAB,OZFQ
1096,2,0.55,0.0538,1.0,10,0.7,ABA,OZFQ
1097,2,0.55,0.0538,1.0,10,0.7,ABB,OZFQ
1098,2,0.55,0.0538,1.0,10,0.8,AAB,OZFQ
1099,2,0.55,0.0538,1.0,10,0.8,ABA,OZFQ
1100,2,0.55,0.0538,1.0,10,0.8,ABB,OZFQ
1101,2,0.55,0.0538,1.0,10,0.9,AAB,OZFQ
1102,2,0.55,0.0538,1.0,10,0.9,ABA,OZFQ
1103,2,0.55,0.0538,1.0,10,0.9,ABB,OZFQ
1104,2,0.55,0.0508,0.5,1,0.6,AAB,OZFQ
1105,2,0.55,0.0508,0.5,1,0.6,ABA,OZFQ
1106,2,0.55,0.0508,0.5,1,0.6,ABB,OZFQ
1107,2,0.55,0.0508,0.5,1,0.7,AAB,OZFQ
1108,2,0.55,0.0508,0.5,1,0.7,ABA,OZFQ
1109,2,0.55,0.0508,0.5,1,0.7,ABB,OZFQ
1110,2,0.55,0.0508,0.5,1,0.8,AAB,OZFQ
1111,2,0.55,0.0508,0.5,1,0.8,ABA,OZFQ
1112,2,0.55,0.0508,0.5,1,0.8,ABB,OZFQ
1113,2,0.55,0.0508,0.5,1,0.9,AAB,OZFQ
1114,2,0.55,0.0508,0.5,1,0.9,ABA,OZFQ
1115,2,0.55,0.0508,0.5,1,0.9,ABB,OZFQ
1116,2,0.55,0.0508,0.5,2,0.6,AAB,OZFQ
1117,2,0.55,0.0508,0.5,2,0.6,ABA,OZFQ
1118,2,0.55,0.0508,0.5,2,0.6,ABB,OZFQ
1119,2,0.55,0.0508,0.5,2,0.7,AAB,OZFQ
1120,2,0.55,0.0508,0.5,2,0.7,ABA,OZFQ
1121,2,0.55,0.0508,0.5,2,0.7,ABB,OZFQ
1122,2,0.55,0.0508,0.5,2,0.8,AAB,OZFQ
1123,2,0.55,0.0508,0.5,2,0.8,ABA,OZFQ
1124,2,0.55,0.0508,0.5,2,0.8,ABB,OZFQ
1125,2,0.55,0.0508,0.5,2,0.9,AAB,OZFQ
1126,2,0.55,0.0508,0.5,2,0.9,ABA,OZFQ
1127,2,0.55,0.0508,0.5,2,0.9,ABB,OZFQ
1128,2,0.55,0.0508,0.5,5,0.6,AAB,OZFQ
1129,2,0.55,0.0508,0.5,5,0.6,ABA,OZFQ
1130,2,0.55,0.0508,0.5,5,0.6,ABB,OZFQ
1131,2,0.55,0.0508,0.5,5,0.7,AAB,OZFQ
1132,2,0.55,0.0508,0.5,5,0.7,ABA,OZFQ
1133,2,0.55,0.0508,0.5,5,0.7,ABB,OZFQ
1134,2,0.55,0.0508,0.5,5,0.8,AAB,OZFQ
1135,2,0.55,0.0508,0.5,5,0.8,ABA,OZFQ
1136,2,0.55,0.0508,0.5,5,0.8,ABB,OZFQ
1137,2,0.55,0.0508,0.5,5,0.9,AAB,OZFQ
1138,2,0.55,0.0508,0.5,5,0.9,ABA,OZFQ
1139,2,0.55,0.0508,0.5,5,0.9,ABB,OZFQ
1140,2,0.55,0.0508,0.5,10,0.6,AAB,OZFQ
1141,2,0.55,0.0508,0.5,10,0.6,ABA,OZFQ
1142,2,0.55,0.0508,0.5,10,0.6,ABB,OZFQ
1143,2,0.55,0.0508,0.5,10,0.7,AAB,OZFQ
1144,2,0.55,0.0508,0.5,10,0.7,ABA,OZFQ
1145,2,0.55,0.0508,0.5,10,0.7,ABB,OZFQ
1146,2,0.55,0.0508,0.5,10,0.8,AAB,OZFQ
1147,2,0.55,0.0508,0.5,10,0.8,ABA,OZFQ
1148,2,0.55,0.0508,0.5,10,0.8,ABB,OZFQ
1149,2,0.55,0.0508,0.5,10,0.9,AAB,OZFQ
1150,2,0.55,0.0508,0.5,10,0.9,ABA,OZFQ
1151,2,0.55,0.0508,0.5,10,0.9,ABB,OZFQ
1152,2,0.55,0.0475,0.1,1,0.6,AAB,OZFQ
1153,2,0.55,0.0475,0.1,1,0.6,ABA,OZFQ
1154,2,0.55,0.0475,0.1,1,0.6,ABB,OZFQ
1155,2,0.55,0.0475,0.1,1,0.7,AAB,OZFQ
1156,2,0.55,0.0475,0.1,1,0.7,ABA,OZFQ
1157,2,0.55,0.0475,0.1,1,0.7,ABB,OZFQ
1158,2,0.55,0.0475,0.1,1,0.8,AAB,OZFQ
1159,2,0.55,0.0475,0.1,1,0.8,ABA,OZFQ
1160,2,0.55,0.0475,0.1,1,0.8,ABB,OZFQ
1161,2,0.55,0.0475,0.1,1,0.9,AAB,OZFQ
1162,2,0.55,0.0475,0.1,1,0.9,ABA,OZFQ
1163,2,0.55,0.0475,0.1,1,0.9,ABB,OZFQ
1164,2,0.55,0.0475,0.1,2,0.6,AAB,OZFQ
1165,2,0.55,0.0475,0.1,2,0.6,ABA,OZFQ
1166,2,0.55,0.0475,0.1,2,0.6,ABB,OZFQ
1167,2,0.55,0.0475,0.1,2,0.7,AAB,OZFQ
1168,2,0.55,0.0475,0.1,2,0.7,ABA,OZFQ
1169,2,0.55,0.0475,0.1,2,0.7,ABB,OZFQ
1170,2,0.55,0.0475,0.1,2,0.8,AAB,OZFQ
1171,2,0.55,0.0475,0.1,2,0.8,ABA,OZFQ
1172,2,0.55,0.0475,0.1,2,0.8,ABB,OZFQ
1173,2,0.55,0.0475,0.1,2,0.9,AAB,OZFQ
1174,2,0.55,0.0475,0.1,2,0.9,ABA,OZFQ
1175,2,0.55,0.0475,0.1,2,0.9,ABB,OZFQ
1176,2,0.55,0.0475,0.1,5,0.6,AAB,OZFQ
1177,2,0.55,0.0475,0.1,5,0.6,ABA,OZFQ
1178,2,0.55,0.0475,0.1,5,0.6,ABB,OZFQ
1179,2,0.55,0.0475,0.1,5,0.7,AAB,OZFQ
1180,2,0.55,0.0475,0.1,5,0.7,ABA,OZFQ
1181,2,0.55,0.0475,0.1,5,0.7,ABB,OZFQ
1182,2,0.55,0.0475,0.1,5,0.8,AAB,OZFQ
1183,2,0.55,0.0475,0.1,5,0.8,ABA,OZFQ
1184,2,0.55,0.0475,0.1,5,0.8,ABB,OZFQ
1185,2,0.55,0.0475,0.1,5,0.9,AAB,OZFQ
1186,2,0.55,0.0475,0.1,5,0.9,ABA,OZFQ
1187,2,0.55,0.0475,0.1,5,0.9,ABB,OZFQ
1188,2,0.55,0.0475,0.1,10,0.6,AAB,OZFQ
1189,2,0.55,0.0475,0.1,10,0.6,ABA,OZFQ
1190,2,0.55,0.0475,0.1,10,0.6,ABB,OZFQ
1191,2,0.55,0.0475,0.1,10,0.7,AAB,OZFQ
1192,2,0.55,0.0475,0.1,10,0.7,ABA,OZFQ
1193,2,0.55,0.0475,0.1,10,0.7,ABB,OZFQ
1194,2,0.55,0.0475,0.1,10,0.8,AAB,OZFQ
1195,2,0.55,0.0475,0.1,10,0.8,ABA,OZFQ
1196,2,0.55,0.0475,0.1,10,0.8,ABB,OZFQ
1197,2,0.55,0.0475,0.1,10,0.9,AAB,OZFQ
1198,2,0.55,0.0475,0.1,10,0.9,ABA,OZFQ
1199,2,0.55,0.0475,0.1,10,0.9,ABB,OZFQ
1200,2,0.75,0.0735,3.0,1,0.6,AAB,OZFQ
1201,2,0.75,0.0735,3.0,1,0.6,ABA,OZFQ
1202,2,0.75,0.0735,3.0,1,0.6,ABB,OZFQ
1203,2,0.75,0.0735,3.0,1,0.7,AAB,OZFQ
1204,2,0.75,0.0735,3.0,1,0.7,ABA,OZFQ
1205,2,0.75,0.0735,3.0,1,0.7,ABB,OZFQ
1206,2,0.75,0.0735,3.0,1,0.8,AAB,OZFQ
1207,2,0.75,0.0735,3.0,1,0.8,ABA,OZFQ
1208,2,0.75,0.0735,3.0,1,0.8,ABB,OZFQ
1209,2,0.75,0.0735,3.0,1,0.9,AAB,OZFQ
1210,2,0.75,0.0735,3.0,1,0.9,ABA,OZFQ
1211,2,0.75,0.0735,3.0,1,0.9,ABB,OZFQ
1212,2,0.75,0.0735,3.0,2,0.6,AAB,OZFQ
1213,2,0.75,0.0735,3.0,2,0.6,ABA,OZFQ
1214,2,0.75,0.0735,3.0,2,0.6,ABB,OZFQ
1215,2,0.75,0.0735,3.0,2,0.7,AAB,OZFQ
1216,2,0.75,0.0735,3.0,2,0.7,ABA,OZFQ
1217,2,0.75,0.0735,3.0,2,0.7,ABB,OZFQ
1218,2,0.75,0.0735,3.0,2,0.8,AAB,OZFQ
1219,2,0.75,0.0735,3.0,2,0.8,ABA,OZFQ
1220,2,0.75,0.0735,3.0,2,0.8,ABB,OZFQ
1221,2,0.75,0.0735,3.0,2,0.9,AAB,OZFQ
1222,2,0.75,0.0735,3.0,2,0.9,ABA,OZFQ
1223,2,0.75,0.0735,3.0,2,0.9,ABB,OZFQ
1224,2,0.75,0.0735,3.0,5,0.6,AAB,OZFQ
1225,2,0.75,0.0735,3.0,5,0.6,ABA,OZFQ
1226,2,0.75,0.0735,3.0,5,0.6,ABB,OZFQ
1227,2,0.75,0.0735,3.0,5,0.7,AAB,OZFQ
1228,2,0.75,0.0735,3.0,5,0.7,ABA,OZFQ
1229,2,0.75,0.0735,3.0,5,0.7,ABB,OZFQ
1230,2,0.75,0.0735,3.0,5,0.8,AAB,OZFQ
1231,2,0.75,0.0735,3.0,5,0.8,ABA,OZFQ
1232,2,0.75,0.0735,3.0,5,0.8,ABB,OZFQ
1233,2,0.75,0.0735,3.0,5,0.9,AAB,OZFQ
1234,2,0.75,0.0735,3.0,5,0.9,ABA,OZFQ
1235,2,0.75,0.0735,3.0,5,0.9,ABB,OZFQ
1236,2,0.75,0.0735,3.0,10,0.6,AAB,OZFQ
1237,2,0.75,0.0735,3.0,10,0.6,ABA,OZFQ
1238,2,0.75,0.0735,3.0,10,0.6,ABB,OZFQ
1239,2,0.75,0.0735,3.0,10,0.7,AAB,OZFQ
1240,2,0.75,0.0735,3.0,10,0.7,ABA,OZFQ
1241,2,0.75,0.0735,3.0,10,0.7,ABB,OZFQ
1242,2,0.75,0.0735,3.0,10,0.8,AAB,OZFQ
1243,2,0.75,0.0735,3.0,10,0.8,ABA,OZFQ
1244,2,0.75,0.0735,3.0,10,0.8,ABB,OZFQ
1245,2,0.75,0.0735,3.0,10,0.9,AAB,OZFQ
1246,2,0.75,0.0735,3.0,10,0.9,ABA,OZFQ
1247,2,0.75,0.0735,3.0,10,0.9,ABB,OZFQ
1248,2,0.75,0.067,2.0,1,0.6,AAB,OZFQ
1249,2,0.75,0.067,2.0,1,0.6,ABA,OZFQ
1250,2,0.75,0.067,2.0,1,0.6,ABB,OZFQ
1251,2,0.75,0.067,2.0,1,0.7,AAB,OZFQ
1252,2,0.75,0.067,2.0,1,0.7,ABA,OZFQ
1253,2,0.75,0.067,2.0,1,0.7,ABB,OZFQ
1254,2,0.75,0.067,2.0,1,0.8,AAB,OZFQ
1255,2,0.75,0.067,2.0,1,0.8,ABA,OZFQ
1256,2,0.75,0.067,2.0,1,0.8,ABB,OZFQ
1257,2,0.75,0.067,2.0,1,0.9,AAB,OZFQ
1258,2,0.75,0.067,2.0,1,0.9,ABA,OZFQ
1259,2,0.75,0.067,2.0,1,0.9,ABB,OZFQ
1260,2,0.75,0.067,2.0,2,0.6,AAB,OZFQ
1261,2,0.75,0.067,2.0,2,0.6,ABA,OZFQ
1262,2,0.75,0.067,2.0,2,0.6,ABB,OZFQ
1263,2,0.75,0.067,2.0,2,0.7,AAB,OZFQ
1264,2,0.75,0.067,2.0,2,0.7,ABA,OZFQ
1265,2,0.75,0.067,2.0,2,0.7,ABB,OZFQ
1266,2,0.75,0.067,2.0,2,0.8,AAB,OZFQ
1267,2,0.75,0.067,2.0,2,0.8,ABA,OZFQ
1268,2,0.75,0.067,2.0,2,0.8,ABB,OZFQ
1269,2,0.75,0.067,2.0,2,0.9,AAB,OZFQ
1270,2,0.75,0.067,2.0,2,0.9,ABA,OZFQ
1271,2,0.75,0.067,2.0,2,0.9,ABB,OZFQ
1272,2,0.75,0.067,2.0,5,0.6,AAB,OZFQ
1273,2,0.75,0.067,2.0,5,0.6,ABA,OZFQ
1274,2,0.75,0.067,2.0,5,0.6,ABB,OZFQ
1275,2,0.75,0.067,2.0,5,0.7,AAB,OZFQ
1276,2,0.75,0.067,2.0,5,0.7,ABA,OZFQ
1277,2,0.75,0.067,2.0,5,0.7,ABB,OZFQ
1278,2,0.75,0.067,2.0,5,0.8,AAB,OZFQ
1279,2,0.75,0.067,2.0,5,0.8,ABA,OZFQ
1280,2,0.75,0.067,2.0,5,0.8,ABB,OZFQ
1281,2,0.75,0.067,2.0,5,0.9,AAB,OZFQ
1282,2,0.75,0.067,2.0,5,0.9,ABA,OZFQ
1283,2,0.75,0.067,2.0,5,0.9,ABB,OZFQ
1284,2,0.75,0.067,2.0,10,0.6,AAB,OZFQ
1285,2,0.75,0.067,2.0,10,0.6,ABA,OZFQ
1286,2,0.75,0.067,2.0,10,0.6,ABB,OZFQ
1287,2,0.75,0.067,2.0,10,0.7,AAB,OZFQ
1288,2,0.75,0.067,2.0,10,0.7,ABA,OZFQ
1289,2,0.75,0.067,2.0,10,0.7,ABB,OZFQ
1290,2,0.75,0.067,2.0,10,0.8,AAB,OZFQ
1291,2,0.75,0.067,2.0,10,0.8,ABA,OZFQ
1292,2,0.75,0.067,2.0,10,0.8,ABB,OZFQ
1293,2,0.75,0.067,2.0,10,0.9,AAB,OZFQ
1294,2,0.75,0.067,2.0,10,0.9,ABA,OZFQ
1295,2,0.75,0.067,2.0,10,0.9,ABB,OZFQ
1296,2,0.75,0.061,1.0,1,0.6,AAB,OZFQ
1297,2,0.75,0.061,1.0,1,0.6,ABA,OZFQ
1298,2,0.75,0.061,1.0,1,0.6,ABB,OZFQ
1299,2,0.75,0.061,1.0,1,0.7,AAB,OZFQ
1300,2,0.75,0.061,1.0,1,0.7,ABA,OZFQ
1301,2,0.75,0.061,1.0,1,0.7,ABB,OZFQ
1302,2,0.75,0.061,1.0,1,0.8,AAB,OZFQ
1303,2,0.75,0.061,1.0,1,0.8,ABA,OZFQ
1304,2,0.75,0.061,1.0,1,0.8,ABB,OZFQ
1305,2,0.75,0.061,1.0,1,0.9,AAB,OZFQ
1306,2,0.75,0.061,1.0,1,0.9,ABA,OZFQ
1307,2,0.75,0.061,1.0,1,0.9,ABB,OZFQ
1308,2,0.75,0.061,1.0,2,0.6,AAB,OZFQ
1309,2,0.75,0.061,1.0,2,0.6,ABA,OZFQ
1310,2,0.75,0.061,1.0,2,0.6,ABB,OZFQ
1311,2,0.75,0.061,1.0,2,0.7,AAB,OZFQ
1312,2,0.75,0.061,1.0,2,0.7,ABA,OZFQ
1313,2,0.75,0.061,1.0,2,0.7,ABB,OZFQ
1314,2,0.75,0.061,1.0,2,0.8,AAB,OZFQ
1315,2,0.75,0.061,1.0,2,0.8,ABA,OZFQ
1316,2,0.75,0.061,1.0,2,0.8,ABB,OZFQ
1317,2,0.75,0.061,1.0,2,0.9,AAB,OZFQ
1318,2,0.75,0.061,1.0,2,0.9,ABA,OZFQ
1319,2,0.75,0.061,1.0,2,0.9,ABB,OZFQ
1320,2,0.75,0.061,1.0,5,0.6,AAB,OZFQ
1321,2,0.75,0.061,1.0,5,0.6,ABA,OZFQ
1322,2,0.75,0.061,1.0,5,0.6,ABB,OZFQ
1323,2,0.75,0.061,1.0,5,0.7,AAB,OZFQ
1324,2,0.75,0.061,1.0,5,0.7,ABA,OZFQ
1325,2,0.75,0.061,1.0,5,0.7,ABB,OZFQ
1326,2,0.75,0.061,1.0,5,0.8,AAB,OZFQ
1327,2,0.75,0.061,1.0,5,0.8,ABA,OZFQ
1328,2,0.75,0.061,1.0,5,0.8,ABB,OZFQ
1329,2,0.75,0.061,1.0,5,0.9,AAB,OZFQ
1330,2,0.75,0.061,1.0,5,0.9,ABA,OZFQ
1331,2,0.75,0.061,1.0,5,0.9,ABB,OZFQ
1332,2,0.75,0.061,1.0,10,0.6,AAB,OZFQ
1333,2,0.75,0.061,1.0,10,0.6,ABA,OZFQ
1334,2,0.75,0.061,1.0,10,0.6,ABB,OZFQ
1335,2,0.75,0.061,1.0,10,0.7,AAB,OZFQ
1336,2,0.75,0.061,1.0,10,0.7,ABA,OZFQ
1337,2,0.75,0.061,1.0,10,0.7,ABB,OZFQ
1338,2,0.75,0.061,1.0,10,0.8,AAB,OZFQ
1339,2,0.75,0.061,1.0,10,0.8,ABA,OZFQ
1340,2,0.75,0.061,1.0,10,0.8,ABB,OZFQ
1341,2,0.75,0.061,1.0,10,0.9,AAB,OZFQ
1342,2,0.75,0.061,1.0,10,0.9,ABA,OZFQ
1343,2,0.75,0.061,1.0,10,0.9,ABB,OZFQ
1344,2,0.75,0.057,0.5,1,0.6,AAB,OZFQ
1345,2,0.75,0.057,0.5,1,0.6,ABA,OZFQ
1346,2,0.75,0.057,0.5,1,0.6,ABB,OZFQ
1347,2,0.75,0.057,0.5,1,0.7,AAB,OZFQ
1348,2,0.75,0.057,0.5,1,0.7,ABA,OZFQ
1349,2,0.75,0.057,0.5,1,0.7,ABB,OZFQ
1350,2,0.75,0.057,0.5,1,0.8,AAB,OZFQ
1351,2,0.75,0.057,0.5,1,0.8,ABA,OZFQ
1352,2,0.75,0.057,0.5,1,0.8,ABB,OZFQ
1353,2,0.75,0.057,0.5,1,0.9,AAB,OZFQ
1354,2,0.75,0.057,0.5,1,0.9,ABA,OZFQ
1355,2,0.75,0.057,0.5,1,0.9,ABB,OZFQ
1356,2,0.75,0.057,0.5,2,0.6,AAB,OZFQ
1357,2,0.75,0.057,0.5,2,0.6,ABA,OZFQ
1358,2,0.75,0.057,0.5,2,0.6,ABB,OZFQ
1359,2,0.75,0.057,0.5,2,0.7,AAB,OZFQ
1360,2,0.75,0.057,0.5,2,0.7,ABA,OZFQ
1361,2,0.75,0.057,0.5,2,0.7,ABB,OZFQ
1362,2,0.75,0.057,0.5,2,0.8,AAB,OZFQ
1363,2,0.75,0.057,0.5,2,0.8,ABA,OZFQ
1364,2,0.75,0.057,0.5,2,0.8,ABB,OZFQ
1365,2,0.75,0.057,0.5,2,0.9,AAB,OZFQ
1366,2,0.75,0.057,0.5,2,0.9,ABA,OZFQ
1367,2,0.75,0.057,0.5,2,0.9,ABB,OZFQ
1368,2,0.75,0.057,0.5,5,0.6,AAB,OZFQ
1369,2,0.75,0.057,0.5,5,0.6,ABA,OZFQ
1370,2,0.75,0.057,0.5,5,0.6,ABB,OZFQ
1371,2,0.75,0.057,0.5,5,0.7,AAB,OZFQ
1372,2,0.75,0.057,0.5,5,0.7,ABA,OZFQ
1373,2,0.75,0.057,0.5,5,0.7,ABB,OZFQ
1374,2,0.75,0.057,0.5,5,0.8,AAB,OZFQ
1375,2,0.75,0.057,0.5,5,0.8,ABA,OZFQ
1376,2,0.75,0.057,0.5,5,0.8,ABB,OZFQ
1377,2,0.75,0.057,0.5,5,0.9,AAB,OZFQ
1378,2,0.75,0.057,0.5,5,0.9,ABA,OZFQ
1379,2,0.75,0.057,0.5,5,0.9,ABB,OZFQ
1380,2,0.75,0.057,0.5,10,0.6,AAB,OZFQ
1381,2,0.75,0.057,0.5,10,0.6,ABA,OZFQ
1382,2,0.75,0.057,0.5,10,0.6,ABB,OZFQ
1383,2,0.75,0.057,0.5,10,0.7,AAB,OZFQ
1384,2,0.75,0.057,0.5,10,0.7,ABA,OZFQ
1385,2,0.75,0.057,0.5,10,0.7,ABB,OZFQ
1386,2,0.75,0.057,0.5,10,0.8,AAB,OZFQ
1387,2,0.75,0.057,0.5,10,0.8,ABA,OZFQ
1388,2,0.75,0.057,0.5,10,0.8,ABB,OZFQ
1389,2,0.75,0.057,0.5,10,0.9,AAB,OZFQ
1390,2,0.75,0.057,0.5,10,0.9,ABA,OZFQ
1391,2,0.75,0.057,0.5,10,0.9,ABB,OZFQ
1392,2,0.75,0.0537,0.1,1,0.6,AAB,OZFQ
1393,2,0.75,0.0537,0.1,1,0.6,ABA,OZFQ
1394,2,0.75,0.0537,0.1,1,0.6,ABB,OZFQ
1395,2,0.75,0.0537,0.1,1,0.7,AAB,OZFQ
1396,2,0.75,0.0537,0.1,1,0.7,ABA,OZFQ
1397,2,0.75,0.0537,0.1,1,0.7,ABB,OZFQ
1398,2,0.75,0.0537,0.1,1,0.8,AAB,OZFQ
1399,2,0.75,0.0537,0.1,1,0.8,ABA,OZFQ
1400,2,0.75,0.0537,0.1,1,0.8,ABB,OZFQ
1401,2,0.75,0.0537,0.1,1,0.9,AAB,OZFQ
1402,2,0.75,0.0537,0.1,1,0.9,ABA,OZFQ
1403,2,0.75,0.0537,0.1,1,0.9,ABB,OZFQ
1404,2,0.75,0.0537,0.1,2,0.6,AAB,OZFQ
1405,2,0.75,0.0537,0.1,2,0.6,ABA,OZFQ
1406,2,0.75,0.0537,0.1,2,0.6,ABB,OZFQ
1407,2,0.75,0.0537,0.1,2,0.7,AAB,OZFQ
1408,2,0.75,0.0537,0.1,2,0.7,ABA,OZFQ
1409,2,0.75,0.0537,0.1,2,0.7,ABB,OZFQ
1410,2,0.75,0.0537,0.1,2,0.8,AAB,OZFQ
1411,2,0.75,0.0537,0.1,2,0.8,ABA,OZFQ
1412,2,0.75,0.0537,0.1,2,0.8,ABB,OZFQ
1413,2,0.75,0.0537,0.1,2,0.9,AAB,OZFQ
1414,2,0.75,0.0537,0.1,2,0.9,ABA,OZFQ
1415,2,0.75,0.0537,0.1,2,0.9,ABB,OZFQ
1416,2,0.75,0.0537,0.1,5,0.6,AAB,OZFQ
1417,2,0.75,0.0537,0.1,5,0.6,ABA,OZFQ
1418,2,0.75,0.0537,0.1,5,0.6,ABB,OZFQ
1419,2,0.75,0.0537,0.1,5,0.7,AAB,OZFQ
1420,2,0.75,0.0537,0.1,5,0.7,ABA,OZFQ
1421,2,0.75,0.0537,0.1,5,0.7,ABB,OZFQ
1422,2,0.75,0.0537,0.1,5,0.8,AAB,OZFQ
1423,2,0.75,0.0537,0.1,5,0.8,ABA,OZFQ
1424,2,0.75,0.0537,0.1,5,0.8,ABB,OZFQ
1425,2,0.75,0.0537,0.1,5,0.9,AAB,OZFQ
1426,2,0.75,0.0537,0.1,5,0.9,ABA,OZFQ
1427,2,0.75,0.0537,0.1,5,0.9,ABB,OZFQ
1428,2,0.75,0.0537,0.1,10,0.6,AAB,OZFQ
1429,2,0.75,0.0537,0.1,10,0.6,ABA,OZFQ
1430,2,0.75,0.0537,0.1,10,0.6,ABB,OZFQ
1431,2,0.75,0.0537,0.1,10,0.7,AAB,OZFQ
1432,2,0.75,0.0537,0.1,10,0.7,ABA,OZFQ
1433,2,0.75,0.0537,0.1,10,0.7,ABB,OZFQ
1434,2,0.75,0.0537,0.1,10,0.8,AAB,OZFQ
1435,2,0.75,0.0537,0.1,10,0.8,ABA,OZFQ
1436,2,0.75,0.0537,0.1,10,0.8,ABB,OZFQ
1437,2,0.75,0.0537,0.1,10,0.9,AAB,OZFQ
1438,2,0.75,0.0537,0.1,10,0.9,ABA,OZFQ
1439,2,0.75,0.0537,0.1,10,0.9,ABB,OZFQ
1440,3,0.55,0.06413,3.0,1,0.6,AAB,OZFQ
1441,3,0.55,0.06413,3.0,1,0.6,ABA,OZFQ
1442,3,0.55,0.06413,3.0,1,0.6,ABB,OZFQ
1443,3,0.55,0.06413,3.0,1,0.7,AAB,OZFQ
1444,3,0.55,0.06413,3.0,1,0.7,ABA,OZFQ
1445,3,0.55,0.06413,3.0,1,0.7,ABB,OZFQ
1446,3,0.55,0.06413,3.0,1,0.8,AAB,OZFQ
1447,3,0.55,0.06413,3.0,1,0.8,ABA,OZFQ
1448,3,0.55,0.06413,3.0,1,0.8,ABB,OZFQ
1449,3,0.55,0.06413,3.0,1,0.9,AAB,OZFQ
1450,3,0.55,0.06413,3.0,1,0.9,ABA,OZFQ
1451,3,0.55,0.06413,3.0,1,0.9,ABB,OZFQ
1452,3,0.55,0.06413,3.0,2,0.6,AAB,OZFQ
1453,3,0.55,0.06413,3.0,2,0.6,ABA,OZFQ
1454,3,0.55,0.06413,3.0,2,0.6,ABB,OZFQ
1455,3,0.55,0.06413,3.0,2,0.7,AAB,OZFQ
1456,3,0.55,0.06413,3.0,2,0.7,ABA,OZFQ
1457,3,0.55,0.06413,3.0,2,0.7,ABB,OZFQ
1458,3,0.55,0.06413,3.0,2,0.8,AAB,OZFQ
1459,3,0.55,0.06413,3.0,2,0.8,ABA,OZFQ
1460,3,0.55,0.06413,3.0,2,0.8,ABB,OZFQ
1461,3,0.55,0.06413,3.0,2,0.9,AAB,OZFQ
1462,3,0.55,0.06413,3.0,2,0.9,ABA,OZFQ
1463,3,0.55,0.06413,3.0,2,0.9,ABB,OZFQ
1464,3,0.55,0.06413,3.0,5,0.6,AAB,OZFQ
1465,3,0.55,0.06413,3.0,5,0.6,ABA,OZFQ
1466,3,0.55,0.06413,3.0,5,0.6,ABB,OZFQ
1467,3,0.55,0.06413,3.0,5,0.7,AAB,OZFQ
1468,3,0.55,0.06413,3.0,5,0.7,ABA,OZFQ
1469,3,0.55,0.06413,3.0,5,0.7,ABB,OZFQ
1470,3,0.55,0.06413,3.0,5,0.8,AAB,OZFQ
1471,3,0.55,0.06413,3.0,5,0.8,ABA,OZFQ
1472,3,0.55,0.06413,3.0,5,0.8,ABB,OZFQ
1473,3,0.55,0.06413,3.0,5,0.9,AAB,OZFQ
1474,3,0.55,0.06413,3.0,5,0.9,ABA,OZFQ
1475,3,0.55,0.06413,3.0,5,0.9,ABB,OZFQ
1476,3,0.55,0.06413,3.0,10,0.6,AAB,OZFQ
1477,3,0.55,0.06413,3.0,10,0.6,ABA,OZFQ
1478,3,0.55,0.06413,3.0,10,0.6,ABB,OZFQ
1479,3,0.55,0.06413,3.0,10,0.7,AAB,OZFQ
1480,3,0.55,0.06413,3.0,10,0.7,ABA,OZFQ
1481,3,0.55,0.06413,3.0,10,0.7,ABB,OZFQ
1482,3,0.55,0.06413,3.0,10,0.8,AAB,OZFQ
1483,3,0.55,0.06413,3.0,10,0.8,ABA,OZFQ
1484,3,0.55,0.06413,3.0,10,0.8,ABB,OZFQ
1485,3,0.55,0.06413,3.0,10,0.9,AAB,OZFQ
1486,3,0.55,0.06413,3.0,10,0.9,ABA,OZFQ
1487,3,0.55,0.06413,3.0,10,0.9,ABB,OZFQ
1488,3,0.55,0.0585,2.0,1,0.6,AAB,OZFQ
1489,3,0.55,0.0585,2.0,1,0.6,ABA,OZFQ
1490,3,0.55,0.0585,2.0,1,0.6,ABB,OZFQ
1491,3,0.55,0.0585,2.0,1,0.7,AAB,OZFQ
1492,3,0.55,0.0585,2.0,1,0.7,ABA,OZFQ
1493,3,0.55,0.0585,2.0,1,0.7,ABB,OZFQ
1494,3,0.55,0.0585,2.0,1,0.8,AAB,OZFQ
1495,3,0.55,0.0585,2.0,1,0.8,ABA,OZFQ
1496,3,0.55,0.0585,2.0,1,0.8,ABB,OZFQ
1497,3,0.55,0.0585,2.0,1,0.9,AAB,OZFQ
1498,3,0.55,0.0585,2.0,1,0.9,ABA,OZFQ
1499,3,0.55,0.0585,2.0,1,0.9,ABB,OZFQ
1500,3,0.55,0.0585,2.0,2,0.6,AAB,OZFQ
1501,3,0.55,0.0585,2.0,2,0.6,ABA,OZFQ
1502,3,0.55,0.0585,2.0,2,0.6,ABB,OZFQ
1503,3,0.55,0.0585,2.0,2,0.7,AAB,OZFQ
1504,3,0.55,0.0585,2.0,2,0.7,ABA,OZFQ
1505,3,0.55,0.0585,2.0,2,0.7,ABB,OZFQ
1506,3,0.55,0.0585,2.0,2,0.8,AAB,OZFQ
1507,3,0.55,0.0585,2.0,2,0.8,ABA,OZFQ
1508,3,0.55,0.0585,2.0,2,0.8,ABB,OZFQ
1509,3,0.55,0.0585,2.0,2,0.9,AAB,OZFQ
1510,3,0.55,0.0585,2.0,2,0.9,ABA,OZFQ
1511,3,0.55,0.0585,2.0,2,0.9,ABB,OZFQ
1512,3,0.55,0.0585,2.0,5,0.6,AAB,OZFQ
1513,3,0.55,0.0585,2.0,5,0.6,ABA,OZFQ
1514,3,0.55,0.0585,2.0,5,0.6,ABB,OZFQ
1515,3,0.55,0.0585,2.0,5,0.7,AAB,OZFQ
1516,3,0.55,0.0585,2.0,5,0.7,ABA,OZFQ
1517,3,0.55,0.0585,2.0,5,0.7,ABB,OZFQ
1518,3,0.55,0.0585,2.0,5,0.8,AAB,OZFQ
1519,3,0.55,0.0585,2.0,5,0.8,ABA,OZFQ
1520,3,0.55,0.0585,2.0,5,0.8,ABB,OZFQ
1521,3,0.55,0.0585,2.0,5,0.9,AAB,OZFQ
1522,3,0.55,0.0585,2.0,5,0.9,ABA,OZFQ
1523,3,0.55,0.0585,2.0,5,0.9,ABB,OZFQ
1524,3,0.55,0.0585,2.0,10,0.6,AAB,OZFQ
1525,3,0.55,0.0585,2.0,10,0.6,ABA,OZFQ
1526,3,0.55,0.0585,2.0,10,0.6,ABB,OZFQ
1527,3,0.55,0.0585,2.0,10,0.7,AAB,OZFQ
1528,3,0.55,0.0585,2.0,10,0.7,ABA,OZFQ
1529,3,0.55,0.0585,2.0,10,0.7,ABB,OZFQ
1530,3,0.55,0.0585,2.0,10,0.8,AAB,OZFQ
1531,3,0.55,0.0585,2.0,10,0.8,ABA,OZFQ
1532,3,0.55,0.0585,2.0,10,0.8,ABB,OZFQ
1533,3,0.55,0.0585,2.0,10,0.9,AAB,OZFQ
1534,3,0.55,0.0585,2.0,10,0.9,ABA,OZFQ
1535,3,0.55,0.0585,2.0,10,0.9,ABB,OZFQ
1536,3,0.55,0.0538,1.0,1,0.6,AAB,OZFQ
1537,3,0.55,0.0538,1.0,1,0.6,ABA,OZFQ
1538,3,0.55,0.0538,1.0,1,0.6,ABB,OZFQ
1539,3,0.55,0.0538,1.0,1,0.7,AAB,OZFQ
1540,3,0.55,0.0538,1.0,1,0.7,ABA,OZFQ
1541,3,0.55,0.0538,1.0,1,0.7,ABB,OZFQ
1542,3,0.55,0.0538,1.0,1,0.8,AAB,OZFQ
1543,3,0.55,0.0538,1.0,1,0.8,ABA,OZFQ
1544,3,0.55,0.0538,1.0,1,0.8,ABB,OZFQ
1545,3,0.55,0.0538,1.0,1,0.9,AAB,OZFQ
1546,3,0.55,0.0538,1.0,1,0.9,ABA,OZFQ
1547,3,0.55,0.0538,1.0,1,0.9,ABB,OZFQ
1548,3,0.55,0.0538,1.0,2,0.6,AAB,OZFQ
1549,3,0.55,0.0538,1.0,2,0.6,ABA,OZFQ
1550,3,0.55,0.0538,1.0,2,0.6,ABB,OZFQ
1551,3,0.55,0.0538,1.0,2,0.7,AAB,OZFQ
1552,3,0.55,0.0538,1.0,2,0.7,ABA,OZFQ
1553,3,0.55,0.0538,1.0,2,0.7,ABB,OZFQ
1554,3,0.55,0.0538,1.0,2,0.8,AAB,OZFQ
1555,3,0.55,0.0538,1.0,2,0.8,ABA,OZFQ
1556,3,0.55,0.0538,1.0,2,0.8,ABB,OZFQ
1557,3,0.55,0.0538,1.0,2,0.9,AAB,OZFQ
1558,3,0.55,0.0538,1.0,2,0.9,ABA,OZFQ
1559,3,0.55,0.0538,1.0,2,0.9,ABB,OZFQ
1560,3,0.55,0.0538,1.0,5,0.6,AAB,OZFQ
1561,3,0.55,0.0538,1.0,5,0.6,ABA,OZFQ
1562,3,0.55,0.0538,1.0,5,0.6,ABB,OZFQ
1563,3,0.55,0.0538,1.0,5,0.7,AAB,OZFQ
1564,3,0.55,0.0538,1.0,5,0.7,ABA,OZFQ
1565,3,0.55,0.0538,1.0,5,0.7,ABB,OZFQ
1566,3,0.55,0.0538,1.0,5,0.8,AAB,OZFQ
1567,3,0.55,0.0538,1.0,5,0.8,ABA,OZFQ
1568,3,0.55,0.0538,1.0,5,0.8,ABB,OZFQ
1569,3,0.55,0.0538,1.0,5,0.9,AAB,OZFQ
1570,3,0.55,0.0538,1.0,5,0.9,ABA,OZFQ
1571,3,0.55,0.0538,1.0,5,0.9,ABB,OZFQ
1572,3,0.55,0.0538,1.0,10,0.6,AAB,OZFQ
1573,3,0.55,0.0538,1.0,10,0.6,ABA,OZFQ
1574,3,0.55,0.0538,1.0,10,0.6,ABB,OZFQ
1575,3,0.55,0.0538,1.0,10,0.7,AAB,OZFQ
1576,3,0.55,0.0538,1.0,10,0.7,ABA,OZFQ
1577,3,0.55,0.0538,1.0,10,0.7,ABB,OZFQ
1578,3,0.55,0.0538,1.0,10,0.8,AAB,OZFQ
1579,3,0.55,0.0538,1.0,10,0.8,ABA,OZFQ
1580,3,0.55,0.0538,1.0,10,0.8,ABB,OZFQ
1581,3,0.55,0.0538,1.0,10,0.9,AAB,OZFQ
1582,3,0.55,0.0538,1.0,10,0.9,ABA,OZFQ
1583,3,0.55,0.0538,1.0,10,0.9,ABB,OZFQ
1584,3,0.55,0.0508,0.5,1,0.6,AAB,OZFQ
1585,3,0.55,0.0508,0.5,1,0.6,ABA,OZFQ
1586,3,0.55,0.0508,0.5,1,0.6,ABB,OZFQ
1587,3,0.55,0.0508,0.5,1,0.7,AAB,OZFQ
1588,3,0.55,0.0508,0.5,1,0.7,ABA,OZFQ
1589,3,0.55,0.0508,0.5,1,0.7,ABB,OZFQ
1590,3,0.55,0.0508,0.5,1,0.8,AAB,OZFQ
1591,3,0.55,0.0508,0.5,1,0.8,ABA,OZFQ
1592,3,0.55,0.0508,0.5,1,0.8,ABB,OZFQ
1593,3,0.55,0.0508,0.5,1,0.9,AAB,OZFQ
1594,3,0.55,0.0508,0.5,1,0.9,ABA,OZFQ
1595,3,0.55,0.0508,0.5,1,0.9,ABB,OZFQ
1596,3,0.55,0.0508,0.5,2,0.6,AAB,OZFQ
1597,3,0.55,0.0508,0.5,2,0.6,ABA,OZFQ
1598,3,0.55,0.0508,0.5,2,0.6,ABB,OZFQ
1599,3,0.55,0.0508,0.5,2,0.7,AAB,OZFQ
1600,3,0.55,0.0508,0.5,2,0.7,ABA,OZFQ
1601,3,0.55,0.0508,0.5,2,0.7,ABB,OZFQ
1602,3,0.55,0.0508,0.5,2,0.8,AAB,OZFQ
1603,3,0.55,0.0508,0.5,2,0.8,ABA,OZFQ
1604,3,0.55,0.0508,0.5,2,0.8,ABB,OZFQ
1605,3,0.55,0.0508,0.5,2,0.9,AAB,OZFQ
1606,3,0.55,0.0508,0.5,2,0.9,ABA,OZFQ
1607,3,0.55,0.0508,0.5,2,0.9,ABB,OZFQ
1608,3,0.55,0.0508,0.5,5,0.6,AAB,OZFQ
1609,3,0.55,0.0508,0.5,5,0.6,ABA,OZFQ
1610,3,0.55,0.0508,0.5,5,0.6,ABB,OZFQ
1611,3,0.55,0.0508,0.5,5,0.7,AAB,OZFQ
1612,3,0.55,0.0508,0.5,5,0.7,ABA,OZFQ
1613,3,0.55,0.0508,0.5,5,0.7,ABB,OZFQ
1614,3,0.55,0.0508,0.5,5,0.8,AAB,OZFQ
1615,3,0.55,0.0508,0.5,5,0.8,ABA,OZFQ
1616,3,0.55,0.0508,0.5,5,0.8,ABB,OZFQ
1617,3,0.55,0.0508,0.5,5,0.9,AAB,OZFQ
1618,3,0.55,0.0508,0.5,5,0.9,ABA,OZFQ
1619,3,0.55,0.0508,0.5,5,0.9,ABB,OZFQ
1620,3,0.55,0.0508,0.5,10,0.6,AAB,OZFQ
1621,3,0.55,0.0508,0.5,10,0.6,ABA,OZFQ
1622,3,0.55,0.0508,0.5,10,0.6,ABB,OZFQ
1623,3,0.55,0.0508,0.5,10,0.7,AAB,OZFQ
1624,3,0.55,0.0508,0.5,10,0.7,ABA,OZFQ
1625,3,0.55,0.0508,0.5,10,0.7,ABB,OZFQ
1626,3,0.55,0.0508,0.5,10,0.8,AAB,OZFQ
1627,3,0.55,0.0508,0.5,10,0.8,ABA,OZFQ
1628,3,0.55,0.0508,0.5,10,0.8,ABB,OZFQ
1629,3,0.55,0.0508,0.5,10,0.9,AAB,OZFQ
1630,3,0.55,0.0508,0.5,10,0.9,ABA,OZFQ
1631,3,0.55,0.0508,0.5,10,0.9,ABB,OZFQ
1632,3,0.55,0.0475,0.1,1,0.6,AAB,OZFQ
1633,3,0.55,0.0475,0.1,1,0.6,ABA,OZFQ
1634,3,0.55,0.0475,0.1,1,0.6,ABB,OZFQ
1635,3,0.55,0.0475,0.1,1,0.7,AAB,OZFQ
1636,3,0.55,0.0475,0.1,1,0.7,ABA,OZFQ
1637,3,0.55,0.0475,0.1,1,0.7,ABB,OZFQ
1638,3,0.55,0.0475,0.1,1,0.8,AAB,OZFQ
1639,3,0.55,0.0475,0.1,1,0.8,ABA,OZFQ
1640,3,0.55,0.0475,0.1,1,0.8,ABB,OZFQ
1641,3,0.55,0.0475,0.1,1,0.9,AAB,OZFQ
1642,3,0.55,0.0475,0.1,1,0.9,ABA,OZFQ
1643,3,0.55,0.0475,0.1,1,0.9,ABB,OZFQ
1644,3,0.55,0.0475,0.1,2,0.6,AAB,OZFQ
1645,3,0.55,0.0475,0.1,2,0.6,ABA,OZFQ
1646,3,0.55,0.0475,0.1,2,0.6,ABB,OZFQ
1647,3,0.55,0.0475,0.1,2,0.7,AAB,OZFQ
1648,3,0.55,0.0475,0.1,2,0.7,ABA,OZFQ
1649,3,0.55,0.0475,0.1,2,0.7,ABB,OZFQ
1650,3,0.55,0.0475,0.1,2,0.8,AAB,OZFQ
1651,3,0.55,0.0475,0.1,2,0.8,ABA,OZFQ
1652,3,0.55,0.0475,0.1,2,0.8,ABB,OZFQ
1653,3,0.55,0.0475,0.1,2,0.9,AAB,OZFQ
1654,3,0.55,0.0475,0.1,2,0.9,ABA,OZFQ
1655,3,0.55,0.0475,0.1,2,0.9,ABB,OZFQ
1656,3,0.55,0.0475,0.1,5,0.6,AAB,OZFQ
1657,3,0.55,0.0475,0.1,5,0.6,ABA,OZFQ
1658,3,0.55,0.0475,0.1,5,0.6,ABB,OZFQ
1659,3,0.55,0.0475,0.1,5,0.7,AAB,OZFQ
1660,3,0.55,0.0475,0.1,5,0.7,ABA,OZFQ
1661,3,0.55,0.0475,0.1,5,0.7,ABB,OZFQ
1662,3,0.55,0.0475,0.1,5,0.8,AAB,OZFQ
1663,3,0.55,0.0475,0.1,5,0.8,ABA,OZFQ
1664,3,0.55,0.0475,0.1,5,0.8,ABB,OZFQ
1665,3,0.55,0.0475,0.1,5,0.9,AAB,OZFQ
1666,3,0.55,0.0475,0.1,5,0.9,ABA,OZFQ
1667,3,0.55,0.0475,0.1,5,0.9,ABB,OZFQ
1668,3,0.55,0.0475,0.1,10,0.6,AAB,OZFQ
1669,3,0.55,0.0475,0.1,10,0.6,ABA,OZFQ
1670,3,0.55,0.0475,0.1,10,0.6,ABB,OZFQ
1671,3,0.55,0.0475,0.1,10,0.7,AAB,OZFQ
1672,3,0.55,0.0475,0.1,10,0.7,ABA,OZFQ
1673,3,0.55,0.0475,0.1,10,0.7,ABB,OZFQ
1674,3,0.55,0.0475,0.1,10,0.8,AAB,OZFQ
1675,3,0.55,0.0475,0.1,10,0.8,ABA,OZFQ
1676,3,0.55,0.0475,0.1,10,0.8,ABB,OZFQ
1677,3,0.55,0.0475,0.1,10,0.9,AAB,OZFQ
1678,3,0.55,0.0475,0.1,10,0.9,ABA,OZFQ
1679,3,0.55,0.0475,0.1,10,0.9,ABB,OZFQ
1680,3,0.75,0.0735,3.0,1,0.6,AAB,OZFQ
1681,3,0.75,0.0735,3.0,1,0.6,ABA,OZFQ
1682,3,0.75,0.0735,3.0,1,0.6,ABB,OZFQ
1683,3,0.75,0.0735,3.0,1,0.7,AAB,OZFQ
1684,3,0.75,0.0735,3.0,1,0.7,ABA,OZFQ
1685,3,0.75,0.0735,3.0,1,0.7,ABB,OZFQ
1686,3,0.75,0.0735,3.0,1,0.8,AAB,OZFQ
1687,3,0.75,0.0735,3.0,1,0.8,ABA,OZFQ
1688,3,0.75,0.0735,3.0,1,0.8,ABB,OZFQ
1689,3,0.75,0.0735,3.0,1,0.9,AAB,OZFQ
1690,3,0.75,0.0735,3.0,1,0.9,ABA,OZFQ
1691,3,0.75,0.0735,3.0,1,0.9,ABB,OZFQ
1692,3,0.75,0.0735,3.0,2,0.6,AAB,OZFQ
1693,3,0.75,0.0735,3.0,2,0.6,ABA,OZFQ
1694,3,0.75,0.0735,3.0,2,0.6,ABB,OZFQ
1695,3,0.75,0.0735,3.0,2,0.7,AAB,OZFQ
1696,3,0.75,0.0735,3.0,2,0.7,ABA,OZFQ
1697,3,0.75,0.0735,3.0,2,0.7,ABB,OZFQ
1698,3,0.75,0.0735,3.0,2,0.8,AAB,OZFQ
1699,3,0.75,0.0735,3.0,2,0.8,ABA,OZFQ
1700,3,0.75,0.0735,3.0,2,0.8,ABB,OZFQ
1701,3,0.75,0.0735,3.0,2,0.9,AAB,OZFQ
1702,3,0.75,0.0735,3.0,2,0.9,ABA,OZFQ
1703,3,0.75,0.0735,3.0,2,0.9,ABB,OZFQ
1704,3,0.75,0.0735,3.0,5,0.6,AAB,OZFQ
1705,3,0.75,0.0735,3.0,5,0.6,ABA,OZFQ
1706,3,0.75,0.0735,3.0,5,0.6,ABB,OZFQ
1707,3,0.75,0.0735,3.0,5,0.7,AAB,OZFQ
1708,3,0.75,0.0735,3.0,5,0.7,ABA,OZFQ
1709,3,0.75,0.0735,3.0,5,0.7,ABB,OZFQ
1710,3,0.75,0.0735,3.0,5,0.8,AAB,OZFQ
1711,3,0.75,0.0735,3.0,5,0.8,ABA,OZFQ
1712,3,0.75,0.0735,3.0,5,0.8,ABB,OZFQ
1713,3,0.75,0.0735,3.0,5,0.9,AAB,OZFQ
1714,3,0.75,0.0735,3.0,5,0.9,ABA,OZFQ
1715,3,0.75,0.0735,3.0,5,0.9,ABB,OZFQ
1716,3,0.75,0.0735,3.0,10,0.6,AAB,OZFQ
1717,3,0.75,0.0735,3.0,10,0.6,ABA,OZFQ
1718,3,0.75,0.0735,3.0,10,0.6,ABB,OZFQ
1719,3,0.75,0.0735,3.0,10,0.7,AAB,OZFQ
1720,3,0.75,0.0735,3.0,10,0.7,ABA,OZFQ
1721,3,0.75,0.0735,3.0,10,0.7,ABB,OZFQ
1722,3,0.75,0.0735,3.0,10,0.8,AAB,OZFQ
1723,3,0.75,0.0735,3.0,10,0.8,ABA,OZFQ
1724,3,0.75,0.0735,3.0,10,0.8,ABB,OZFQ
1725,3,0.75,0.0735,3.0,10,0.9,AAB,OZFQ
1726,3,0.75,0.0735,3.0,10,0.9,ABA,OZFQ
1727,3,0.75,0.0735,3.0,10,0.9,ABB,OZFQ
1728,3,0.75,0.067,2.0,1,0.6,AAB,OZFQ
1729,3,0.75,0.067,2.0,1,0.6,ABA,OZFQ
1730,3,0.75,0.067,2.0,1,0.6,ABB,OZFQ
1731,3,0.75,0.067,2.0,1,0.7,AAB,OZFQ
1732,3,0.75,0.067,2.0,1,0.7,ABA,OZFQ
1733,3,0.75,0.067,2.0,1,0.7,ABB,OZFQ
1734,3,0.75,0.067,2.0,1,0.8,AAB,OZFQ
1735,3,0.75,0.067,2.0,1,0.8,ABA,OZFQ
1736,3,0.75,0.067,2.0,1,0.8,ABB,OZFQ
1737,3,0.75,0.067,2.0,1,0.9,AAB,OZFQ
1738,3,0.75,0.067,2.0,1,0.9,ABA,OZFQ
1739,3,0.75,0.067,2.0,1,0.9,ABB,OZFQ
1740,3,0.75,0.067,2.0,2,0.6,AAB,OZFQ
1741,3,0.75,0.067,2.0,2,0.6,ABA,OZFQ
1742,3,0.75,0.067,2.0,2,0.6,ABB,OZFQ
1743,3,0.75,0.067,2.0,2,0.7,AAB,OZFQ
1744,3,0.75,0.067,2.0,2,0.7,ABA,OZFQ
1745,3,0.75,0.067,2.0,2,0.7,ABB,OZFQ
1746,3,0.75,0.067,2.0,2,0.8,AAB,OZFQ
1747,3,0.75,0.067,2.0,2,0.8,ABA,OZFQ
1748,3,0.75,0.067,2.0,2,0.8,ABB,OZFQ
1749,3,0.75,0.067,2.0,2,0.9,AAB,OZFQ
1750,3,0.75,0.067,2.0,2,0.9,ABA,OZFQ
1751,3,0.75,0.067,2.0,2,0.9,ABB,OZFQ
1752,3,0.75,0.067,2.0,5,0.6,AAB,OZFQ
1753,3,0.75,0.067,2.0,5,0.6,ABA,OZFQ
1754,3,0.75,0.067,2.0,5,0.6,ABB,OZFQ
1755,3,0.75,0.067,2.0,5,0.7,AAB,OZFQ
1756,3,0.75,0.067,2.0,5,0.7,ABA,OZFQ
1757,3,0.75,0.067,2.0,5,0.7,ABB,OZFQ
1758,3,0.75,0.067,2.0,5,0.8,AAB,OZFQ
1759,3,0.75,0.067,2.0,5,0.8,ABA,OZFQ
1760,3,0.75,0.067,2.0,5,0.8,ABB,OZFQ
1761,3,0.75,0.067,2.0,5,0.9,AAB,OZFQ
1762,3,0.75,0.067,2.0,5,0.9,ABA,OZFQ
1763,3,0.75,0.067,2.0,5,0.9,ABB,OZFQ
1764,3,0.75,0.067,2.0,10,0.6,AAB,OZFQ
1765,3,0.75,0.067,2.0,10,0.6,ABA,OZFQ
1766,3,0.75,0.067,2.0,10,0.6,ABB,OZFQ
1767,3,0.75,0.067,2.0,10,0.7,AAB,OZFQ
1768,3,0.75,0.067,2.0,10,0.7,ABA,OZFQ
1769,3,0.75,0.067,2.0,10,0.7,ABB,OZFQ
1770,3,0.75,0.067,2.0,10,0.8,AAB,OZFQ
1771,3,0.75,0.067,2.0,10,0.8,ABA,OZFQ
1772,3,0.75,0.067,2.0,10,0.8,ABB,OZFQ
1773,3,0.75,0.067,2.0,10,0.9,AAB,OZFQ
1774,3,0.75,0.067,2.0,10,0.9,ABA,OZFQ
1775,3,0.75,0.067,2.0,10,0.9,ABB,OZFQ
1776,3,0.75,0.061,1.0,1,0.6,AAB,OZFQ
1777,3,0.75,0.061,1.0,1,0.6,ABA,OZFQ
1778,3,0.75,0.061,1.0,1,0.6,ABB,OZFQ
1779,3,0.75,0.061,1.0,1,0.7,AAB,OZFQ
1780,3,0.75,0.061,1.0,1,0.7,ABA,OZFQ
1781,3,0.75,0.061,1.0,1,0.7,ABB,OZFQ
1782,3,0.75,0.061,1.0,1,0.8,AAB,OZFQ
1783,3,0.75,0.061,1.0,1,0.8,ABA,OZFQ
1784,3,0.75,0.061,1.0,1,0.8,ABB,OZFQ
1785,3,0.75,0.061,1.0,1,0.9,AAB,OZFQ
1786,3,0.75,0.061,1.0,1,0.9,ABA,OZFQ
1787,3,0.75,0.061,1.0,1,0.9,ABB,OZFQ
1788,3,0.75,0.061,1.0,2,0.6,AAB,OZFQ
1789,3,0.75,0.061,1.0,2,0.6,ABA,OZFQ
1790,3,0.75,0.061,1.0,2,0.6,ABB,OZFQ
1791,3,0.75,0.061,1.0,2,0.7,AAB,OZFQ
1792,3,0.75,0.061,1.0,2,0.7,ABA,OZFQ
1793,3,0.75,0.061,1.0,2,0.7,ABB,OZFQ
1794,3,0.75,0.061,1.0,2,0.8,AAB,OZFQ
1795,3,0.75,0.061,1.0,2,0.8,ABA,OZFQ
1796,3,0.75,0.061,1.0,2,0.8,ABB,OZFQ
1797,3,0.75,0.061,1.0,2,0.9,AAB,OZFQ
1798,3,0.75,0.061,1.0,2,0.9,ABA,OZFQ
1799,3,0.75,0.061,1.0,2,0.9,ABB,OZFQ
1800,3,0.75,0.061,1.0,5,0.6,AAB,OZFQ
1801,3,0.75,0.061,1.0,5,0.6,ABA,OZFQ
1802,3,0.75,0.061,1.0,5,0.6,ABB,OZFQ
1803,3,0.75,0.061,1.0,5,0.7,AAB,OZFQ
1804,3,0.75,0.061,1.0,5,0.7,ABA,OZFQ
1805,3,0.75,0.061,1.0,5,0.7,ABB,OZFQ
1806,3,0.75,0.061,1.0,5,0.8,AAB,OZFQ
1807,3,0.75,0.061,1.0,5,0.8,ABA,OZFQ
1808,3,0.75,0.061,1.0,5,0.8,ABB,OZFQ
1809,3,0.75,0.061,1.0,5,0.9,AAB,OZFQ
1810,3,0.75,0.061,1.0,5,0.9,ABA,OZFQ
1811,3,0.75,0.061,1.0,5,0.9,ABB,OZFQ
1812,3,0.75,0.061,1.0,10,0.6,AAB,OZFQ
1813,3,0.75,0.061,1.0,10,0.6,ABA,OZFQ
1814,3,0.75,0.061,1.0,10,0.6,ABB,OZFQ
1815,3,0.75,0.061,1.0,10,0.7,AAB,OZFQ
1816,3,0.75,0.061,1.0,10,0.7,ABA,OZFQ
1817,3,0.75,0.061,1.0,10,0.7,ABB,OZFQ
1818,3,0.75,0.061,1.0,10,0.8,AAB,OZFQ
1819,3,0.75,0.061,1.0,10,0.8,ABA,OZFQ
1820,3,0.75,0.061,1.0,10,0.8,ABB,OZFQ
1821,3,0.75,0.061,1.0,10,0.9,AAB,OZFQ
1822,3,0.75,0.061,1.0,10,0.9,ABA,OZFQ
1823,3,0.75,0.061,1.0,10,0.9,ABB,OZFQ
1824,3,0.75,0.057,0.5,1,0.6,AAB,OZFQ
1825,3,0.75,0.057,0.5,1,0.6,ABA,OZFQ
1826,3,0.75,0.057,0.5,1,0.6,ABB,OZFQ
1827,3,0.75,0.057,0.5,1,0.7,AAB,OZFQ
1828,3,0.75,0.057,0.5,1,0.7,ABA,OZFQ
1829,3,0.75,0.057,0.5,1,0.7,ABB,OZFQ
1830,3,0.75,0.057,0.5,1,0.8,AAB,OZFQ
1831,3,0.75,0.057,0.5,1,0.8,ABA,OZFQ
1832,3,0.75,0.057,0.5,1,0.8,ABB,OZFQ
1833,3,0.75,0.057,0.5,1,0.9,AAB,OZFQ
1834,3,0.75,0.057,0.5,1,0.9,ABA,OZFQ
1835,3,0.75,0.057,0.5,1,0.9,ABB,OZFQ
1836,3,0.75,0.057,0.5,2,0.6,AAB,OZFQ
1837,3,0.75,0.057,0.5,2,0.6,ABA,OZFQ
1838,3,0.75,0.057,0.5,2,0.6,ABB,OZFQ
1839,3,0.75,0.057,0.5,2,0.7,AAB,OZFQ
1840,3,0.75,0.057,0.5,2,0.7,ABA,OZFQ
1841,3,0.75,0.057,0.5,2,0.7,ABB,OZFQ
1842,3,0.75,0.057,0.5,2,0.8,AAB,OZFQ
1843,3,0.75,0.057,0.5,2,0.8,ABA,OZFQ
1844,3,0.75,0.057,0.5,2,0.8,ABB,OZFQ
1845,3,0.75,0.057,0.5,2,0.9,AAB,OZFQ
1846,3,0.75,0.057,0.5,2,0.9,ABA,OZFQ
1847,3,0.75,0.057,0.5,2,0.9,ABB,OZFQ
1848,3,0.75,0.057,0.5,5,0.6,AAB,OZFQ
1849,3,0.75,0.057,0.5,5,0.6,ABA,OZFQ
1850,3,0.75,0.057,0.5,5,0.6,ABB,OZFQ
1851,3,0.75,0.057,0.5,5,0.7,AAB,OZFQ
1852,3,0.75,0.057,0.5,5,0.7,ABA,OZFQ
1853,3,0.75,0.057,0.5,5,0.7,ABB,OZFQ
1854,3,0.75,0.057,0.5,5,0.8,AAB,OZFQ
1855,3,0.75,0.057,0.5,5,0.8,ABA,OZFQ
1856,3,0.75,0.057,0.5,5,0.8,ABB,OZFQ
1857,3,0.75,0.057,0.5,5,0.9,AAB,OZFQ
1858,3,0.75,0.057,0.5,5,0.9,ABA,OZFQ
1859,3,0.75,0.057,0.5,5,0.9,ABB,OZFQ
1860,3,0.75,0.057,0.5,10,0.6,AAB,OZFQ
1861,3,0.75,0.057,0.5,10,0.6,ABA,OZFQ
1862,3,0.75,0.057,0.5,10,0.6,ABB,OZFQ
1863,3,0.75,0.057,0.5,10,0.7,AAB,OZFQ
1864,3,0.75,0.057,0.5,10,0.7,ABA,OZFQ
1865,3,0.75,0.057,0.5,10,0.7,ABB,OZFQ
1866,3,0.75,0.057,0.5,10,0.8,AAB,OZFQ
1867,3,0.75,0.057,0.5,10,0.8,ABA,OZFQ
1868,3,0.75,0.057,0.5,10,0.8,ABB,OZFQ
1869,3,0.75,0.057,0.5,10,0.9,AAB,OZFQ
1870,3,0.75,0.057,0.5,10,0.9,ABA,OZFQ
1871,3,0.75,0.057,0.5,10,0.9,ABB,OZFQ
1872,3,0.75,0.0537,0.1,1,0.6,AAB,OZFQ
1873,3,0.75,0.0537,0.1,1,0.6,ABA,OZFQ
1874,3,0.75,0.0537,0.1,1,0.6,ABB,OZFQ
1875,3,0.75,0.0537,0.1,1,0.7,AAB,OZFQ
1876,3,0.75,0.0537,0.1,1,0.7,ABA,OZFQ
1877,3,0.75,0.0537,0.1,1,0.7,ABB,OZFQ
1878,3,0.75,0.0537,0.1,1,0.8,AAB,OZFQ
1879,3,0.75,0.0537,0.1,1,0.8,ABA,OZFQ
1880,3,0.75,0.0537,0.1,1,0.8,ABB,OZFQ
1881,3,0.75,0.0537,0.1,1,0.9,AAB,OZFQ
1882,3,0.75,0.0537,0.1,1,0.9,ABA,OZFQ
1883,3,0.75,0.0537,0.1,1,0.9,ABB,OZFQ
1884,3,0.75,0.0537,0.1,2,0.6,AAB,OZFQ
1885,3,0.75,0.0537,0.1,2,0.6,ABA,OZFQ
1886,3,0.75,0.0537,0.1,2,0.6,ABB,OZFQ
1887,3,0.75,0.0537,0.1,2,0.7,AAB,OZFQ
1888,3,0.75,0.0537,0.1,2,0.7,ABA,OZFQ
1889,3,0.75,0.0537,0.1,2,0.7,ABB,OZFQ
1890,3,0.75,0.0537,0.1,2,0.8,AAB,OZFQ
1891,3,0.75,0.0537,0.1,2,0.8,ABA,OZFQ
1892,3,0.75,0.0537,0.1,2,0.8,ABB,OZFQ
1893,3,0.75,0.0537,0.1,2,0.9,AAB,OZFQ
1894,3,0.75,0.0537,0.1,2,0.9,ABA,OZFQ
1895,3,0.75,0.0537,0.1,2,0.9,ABB,OZFQ
1896,3,0.75,0.0537,0.1,5,0.6,AAB,OZFQ
1897,3,0.75,0.0537,0.1,5,0.6,ABA,OZFQ
1898,3,0.75,0.0537,0.1,5,0.6,ABB,OZFQ
1899,3,0.75,0.0537,0.1,5,0.7,AAB,OZFQ
1900,3,0.75,0.0537,0.1,5,0.7,ABA,OZFQ
1901,3,0.75,0.0537,0.1,5,0.7,ABB,OZFQ
1902,3,0.75,0.0537,0.1,5,0.8,AAB,OZFQ
1903,3,0.75,0.0537,0.1,5,0.8,ABA,OZFQ
1904,3,0.75,0.0537,0.1,5,0.8,ABB,OZFQ
1905,3,0.75,0.0537,0.1,5,0.9,AAB,OZFQ
1906,3,0.75,0.0537,0.1,5,0.9,ABA,OZFQ
1907,3,0.75,0.0537,0.1,5,0.9,ABB,OZFQ
1908,3,0.75,0.0537,0.1,10,0.6,AAB,OZFQ
1909,3,0.75,0.0537,0.1,10,0.6,ABA,OZFQ
1910,3,0.75,0.0537,0.1,10,0.6,ABB,OZFQ
1911,3,0.75,0.0537,0.1,10,0.7,AAB,OZFQ
1912,3,0.75,0.0537,0.1,10,0.7,ABA,OZFQ
1913,3,0.75,0.0537,0.1,10,0.7,ABB,OZFQ
1914,3,0.75,0.0537,0.1,10,0.8,AAB,OZFQ
1915,3,0.75,0.0537,0.1,10,0.8,ABA,OZFQ
1916,3,0.75,0.0537,0.1,10,0.8,ABB,OZFQ
1917,3,0.75,0.0537,0.1,10,0.9,AAB,OZFQ
1918,3,0.75,0.0537,0.1,10,0.9,ABA,OZFQ
1919,3,0.75,0.0537,0.1,10,0.9,ABB,OZFQ
1920,4,0.55,0.06413,3.0,1,0.6,AAB,OZFQ
1921,4,0.55,0.06413,3.0,1,0.6,ABA,OZFQ
1922,4,0.55,0.06413,3.0,1,0.6,ABB,OZFQ
1923,4,0.55,0.06413,3.0,1,0.7,AAB,OZFQ
1924,4,0.55,0.06413,3.0,1,0.7,ABA,OZFQ
1925,4,0.55,0.06413,3.0,1,0.7,ABB,OZFQ
1926,4,0.55,0.06413,3.0,1,0.8,AAB,OZFQ
1927,4,0.55,0.06413,3.0,1,0.8,ABA,OZFQ
1928,4,0.55,0.06413,3.0,1,0.8,ABB,OZFQ
1929,4,0.55,0.06413,3.0,1,0.9,AAB,OZFQ
1930,4,0.55,0.06413,3.0,1,0.9,ABA,OZFQ
1931,4,0.55,0.06413,3.0,1,0.9,ABB,OZFQ
1932,4,0.55,0.06413,3.0,2,0.6,AAB,OZFQ
1933,4,0.55,0.06413,3.0,2,0.6,ABA,OZFQ
1934,4,0.55,0.06413,3.0,2,0.6,ABB,OZFQ
1935,4,0.55,0.06413,3.0,2,0.7,AAB,OZFQ
1936,4,0.55,0.06413,3.0,2,0.7,ABA,OZFQ
1937,4,0.55,0.06413,3.0,2,0.7,ABB,OZFQ
1938,4,0.55,0.06413,3.0,2,0.8,AAB,OZFQ
1939,4,0.55,0.06413,3.0,2,0.8,ABA,OZFQ
1940,4,0.55,0.06413,3.0,2,0.8,ABB,OZFQ
1941,4,0.55,0.06413,3.0,2,0.9,AAB,OZFQ
1942,4,0.55,0.06413,3.0,2,0.9,ABA,OZFQ
1943,4,0.55,0.06413,3.0,2,0.9,ABB,OZFQ
1944,4,0.55,0.06413,3.0,5,0.6,AAB,OZFQ
1945,4,0.55,0.06413,3.0,5,0.6,ABA,OZFQ
1946,4,0.55,0.06413,3.0,5,0.6,ABB,OZFQ
1947,4,0.55,0.06413,3.0,5,0.7,AAB,OZFQ
1948,4,0.55,0.06413,3.0,5,0.7,ABA,OZFQ
1949,4,0.55,0.06413,3.0,5,0.7,ABB,OZFQ
1950,4,0.55,0.06413,3.0,5,0.8,AAB,OZFQ
1951,4,0.55,0.06413,3.0,5,0.8,ABA,OZFQ
1952,4,0.55,0.06413,3.0,5,0.8,ABB,OZFQ
1953,4,0.55,0.06413,3.0,5,0.9,AAB,OZFQ
1954,4,0.55,0.06413,3.0,5,0.9,ABA,OZFQ
1955,4,0.55,0.06413,3.0,5,0.9,ABB,OZFQ
1956,4,0.55,0.06413,3.0,10,0.6,AAB,OZFQ
1957,4,0.55,0.06413,3.0,10,0.6,ABA,OZFQ
1958,4,0.55,0.06413,3.0,10,0.6,ABB,OZFQ
1959,4,0.55,0.06413,3.0,10,0.7,AAB,OZFQ
1960,4,0.55,0.06413,3.0,10,0.7,ABA,OZFQ
1961,4,0.55,0.06413,3.0,10,0.7,ABB,OZFQ
1962,4,0.55,0.06413,3.0,10,0.8,AAB,OZFQ
1963,4,0.55,0.06413,3.0,10,0.8,ABA,OZFQ
1964,4,0.55,0.06413,3.0,10,0.8,ABB,OZFQ
1965,4,0.55,0.06413,3.0,10,0.9,AAB,OZFQ
1966,4,0.55,0.06413,3.0,10,0.9,ABA,OZFQ
1967,4,0.55,0.06413,3.0,10,0.9,ABB,OZFQ
1968,4,0.55,0.0585,2.0,1,0.6,AAB,OZFQ
1969,4,0.55,0.0585,2.0,1,0.6,ABA,OZFQ
1970,4,0.55,0.0585,2.0,1,0.6,ABB,OZFQ
1971,4,0.55,0.0585,2.0,1,0.7,AAB,OZFQ
1972,4,0.55,0.0585,2.0,1,0.7,ABA,OZFQ
1973,4,0.55,0.0585,2.0,1,0.7,ABB,OZFQ
1974,4,0.55,0.0585,2.0,1,0.8,AAB,OZFQ
1975,4,0.55,0.0585,2.0,1,0.8,ABA,OZFQ
1976,4,0.55,0.0585,2.0,1,0.8,ABB,OZFQ
1977,4,0.55,0.0585,2.0,1,0.9,AAB,OZFQ
1978,4,0.55,0.0585,2.0,1,0.9,ABA,OZFQ
1979,4,0.55,0.0585,2.0,1,0.9,ABB,OZFQ
1980,4,0.55,0.0585,2.0,2,0.6,AAB,OZFQ
1981,4,0.55,0.0585,2.0,2,0.6,ABA,OZFQ
1982,4,0.55,0.0585,2.0,2,0.6,ABB,OZFQ
1983,4,0.55,0.0585,2.0,2,0.7,AAB,OZFQ
1984,4,0.55,0.0585,2.0,2,0.7,ABA,OZFQ
1985,4,0.55,0.0585,2.0,2,0.7,ABB,OZFQ
1986,4,0.55,0.0585,2.0,2,0.8,AAB,OZFQ
1987,4,0.55,0.0585,2.0,2,0.8,ABA,OZFQ
1988,4,0.55,0.0585,2.0,2,0.8,ABB,OZFQ
1989,4,0.55,0.0585,2.0,2,0.9,AAB,OZFQ
1990,4,0.55,0.0585,2.0,2,0.9,ABA,OZFQ
1991,4,0.55,0.0585,2.0,2,0.9,ABB,OZFQ
1992,4,0.55,0.0585,2.0,5,0.6,AAB,OZFQ
1993,4,0.55,0.0585,2.0,5,0.6,ABA,OZFQ
1994,4,0.55,0.0585,2.0,5,0.6,ABB,OZFQ
1995,4,0.55,0.0585,2.0,5,0.7,AAB,OZFQ
1996,4,0.55,0.0585,2.0,5,0.7,ABA,OZFQ
1997,4,0.55,0.0585,2.0,5,0.7,ABB,OZFQ
1998,4,0.55,0.0585,2.0,5,0.8,AAB,OZFQ
1999,4,0.55,0.0585,2.0,5,0.8,ABA,OZFQ
2000,4,0.55,0.0585,2.0,5,0.8,ABB,OZFQ
2001,4,0.55,0.0585,2.0,5,0.9,AAB,OZFQ
2002,4,0.55,0.0585,2.0,5,0.9,ABA,OZFQ
2003,4,0.55,0.0585,2.0,5,0.9,ABB,OZFQ
2004,4,0.55,0.0585,2.0,10,0.6,AAB,OZFQ
2005,4,0.55,0.0585,2.0,10,0.6,ABA,OZFQ
2006,4,0.55,0.0585,2.0,10,0.6,ABB,OZFQ
2007,4,0.55,0.0585,2.0,10,0.7,AAB,OZFQ
2008,4,0.55,0.0585,2.0,10,0.7,ABA,OZFQ
2009,4,0.55,0.0585,2.0,10,0.7,ABB,OZFQ
2010,4,0.55,0.0585,2.0,10,0.8,AAB,OZFQ
2011,4,0.55,0.0585,2.0,10,0.8,ABA,OZFQ
2012,4,0.55,0.0585,2.0,10,0.8,ABB,OZFQ
2013,4,0.55,0.0585,2.0,10,0.9,AAB,OZFQ
2014,4,0.55,0.0585,2.0,10,0.9,ABA,OZFQ
2015,4,0.55,0.0585,2.0,10,0.9,ABB,OZFQ
2016,4,0.55,0.0538,1.0,1,0.6,AAB,OZFQ
2017,4,0.55,0.0538,1.0,1,0.6,ABA,OZFQ
2018,4,0.55,0.0538,1.0,1,0.6,ABB,OZFQ
2019,4,0.55,0.0538,1.0,1,0.7,AAB,OZFQ
2020,4,0.55,0.0538,1.0,1,0.7,ABA,OZFQ
2021,4,0.55,0.0538,1.0,1,0.7,ABB,OZFQ
2022,4,0.55,0.0538,1.0,1,0.8,AAB,OZFQ
2023,4,0.55,0.0538,1.0,1,0.8,ABA,OZFQ
2024,4,0.55,0.0538,1.0,1,0.8,ABB,OZFQ
2025,4,0.55,0.0538,1.0,1,0.9,AAB,OZFQ
2026,4,0.55,0.0538,1.0,1,0.9,ABA,OZFQ
2027,4,0.55,0.0538,1.0,1,0.9,ABB,OZFQ
2028,4,0.55,0.0538,1.0,2,0.6,AAB,OZFQ
2029,4,0.55,0.0538,1.0,2,0.6,ABA,OZFQ
2030,4,0.55,0.0538,1.0,2,0.6,ABB,OZFQ
2031,4,0.55,0.0538,1.0,2,0.7,AAB,OZFQ
2032,4,0.55,0.0538,1.0,2,0.7,ABA,OZFQ
2033,4,0.55,0.0538,1.0,2,0.7,ABB,OZFQ
2034,4,0.55,0.0538,1.0,2,0.8,AAB,OZFQ
2035,4,0.55,0.0538,1.0,2,0.8,ABA,OZFQ
2036,4,0.55,0.0538,1.0,2,0.8,ABB,OZFQ
2037,4,0.55,0.0538,1.0,2,0.9,AAB,OZFQ
2038,4,0.55,0.0538,1.0,2,0.9,ABA,OZFQ
2039,4,0.55,0.0538,1.0,2,0.9,ABB,OZFQ
2040,4,0.55,0.0538,1.0,5,0.6,AAB,OZFQ
2041,4,0.55,0.0538,1.0,5,0.6,ABA,OZFQ
2042,4,0.55,0.0538,1.0,5,0.6,ABB,OZFQ
2043,4,0.55,0.0538,1.0,5,0.7,AAB,OZFQ
2044,4,0.55,0.0538,1.0,5,0.7,ABA,OZFQ
2045,4,0.55,0.0538,1.0,5,0.7,ABB,OZFQ
2046,4,0.55,0.0538,1.0,5,0.8,AAB,OZFQ
2047,4,0.55,0.0538,1.0,5,0.8,ABA,OZFQ
2048,4,0.55,0.0538,1.0,5,0.8,ABB,OZFQ
2049,4,0.55,0.0538,1.0,5,0.9,AAB,OZFQ
2050,4,0.55,0.0538,1.0,5,0.9,ABA,OZFQ
2051,4,0.55,0.0538,1.0,5,0.9,ABB,OZFQ
2052,4,0.55,0.0538,1.0,10,0.6,AAB,OZFQ
2053,4,0.55,0.0538,1.0,10,0.6,ABA,OZFQ
2054,4,0.55,0.0538,1.0,10,0.6,ABB,OZFQ
2055,4,0.55,0.0538,1.0,10,0.7,AAB,OZFQ
2056,4,0.55,0.0538,1.0,10,0.7,ABA,OZFQ
2057,4,0.55,0.0538,1.0,10,0.7,ABB,OZFQ
2058,4,0.55,0.0538,1.0,10,0.8,AAB,OZFQ
2059,4,0.55,0.0538,1.0,10,0.8,ABA,OZFQ
2060,4,0.55,0.0538,1.0,10,0.8,ABB,OZFQ
2061,4,0.55,0.0538,1.0,10,0.9,AAB,OZFQ
2062,4,0.55,0.0538,1.0,10,0.9,ABA,OZFQ
2063,4,0.55,0.0538,1.0,10,0.9,ABB,OZFQ
2064,4,0.55,0.0508,0.5,1,0.6,AAB,OZFQ
2065,4,0.55,0.0508,0.5,1,0.6,ABA,OZFQ
2066,4,0.55,0.0508,0.5,1,0.6,ABB,OZFQ
2067,4,0.55,0.0508,0.5,1,0.7,AAB,OZFQ
2068,4,0.55,0.0508,0.5,1,0.7,ABA,OZFQ
2069,4,0.55,0.0508,0.5,1,0.7,ABB,OZFQ
2070,4,0.55,0.0508,0.5,1,0.8,AAB,OZFQ
2071,4,0.55,0.0508,0.5,1,0.8,ABA,OZFQ
2072,4,0.55,0.0508,0.5,1,0.8,ABB,OZFQ
2073,4,0.55,0.0508,0.5,1,0.9,AAB,OZFQ
2074,4,0.55,0.0508,0.5,1,0.9,ABA,OZFQ
2075,4,0.55,0.0508,0.5,1,0.9,ABB,OZFQ
2076,4,0.55,0.0508,0.5,2,0.6,AAB,OZFQ
2077,4,0.55,0.0508,0.5,2,0.6,ABA,OZFQ
2078,4,0.55,0.0508,0.5,2,0.6,ABB,OZFQ
2079,4,0.55,0.0508,0.5,2,0.7,AAB,OZFQ
2080,4,0.55,0.0508,0.5,2,0.7,ABA,OZFQ
2081,4,0.55,0.0508,0.5,2,0.7,ABB,OZFQ
2082,4,0.55,0.0508,0.5,2,0.8,AAB,OZFQ
2083,4,0.55,0.0508,0.5,2,0.8,ABA,OZFQ
2084,4,0.55,0.0508,0.5,2,0.8,ABB,OZFQ
2085,4,0.55,0.0508,0.5,2,0.9,AAB,OZFQ
2086,4,0.55,0.0508,0.5,2,0.9,ABA,OZFQ
2087,4,0.55,0.0508,0.5,2,0.9,ABB,OZFQ
2088,4,0.55,0.0508,0.5,5,0.6,AAB,OZFQ
2089,4,0.55,0.0508,0.5,5,0.6,ABA,OZFQ
2090,4,0.55,0.0508,0.5,5,0.6,ABB,OZFQ
2091,4,0.55,0.0508,0.5,5,0.7,AAB,OZFQ
2092,4,0.55,0.0508,0.5,5,0.7,ABA,OZFQ
2093,4,0.55,0.0508,0.5,5,0.7,ABB,OZFQ
2094,4,0.55,0.0508,0.5,5,0.8,AAB,OZFQ
2095,4,0.55,0.0508,0.5,5,0.8,ABA,OZFQ
2096,4,0.55,0.0508,0.5,5,0.8,ABB,OZFQ
2097,4,0.55,0.0508,0.5,5,0.9,AAB,OZFQ
2098,4,0.55,0.0508,0.5,5,0.9,ABA,OZFQ
2099,4,0.55,0.0508,0.5,5,0.9,ABB,OZFQ
2100,4,0.55,0.0508,0.5,10,0.6,AAB,OZFQ
2101,4,0.55,0.0508,0.5,10,0.6,ABA,OZFQ
2102,4,0.55,0.0508,0.5,10,0.6,ABB,OZFQ
2103,4,0.55,0.0508,0.5,10,0.7,AAB,OZFQ
2104,4,0.55,0.0508,0.5,10,0.7,ABA,OZFQ
2105,4,0.55,0.0508,0.5,10,0.7,ABB,OZFQ
2106,4,0.55,0.0508,0.5,10,0.8,AAB,OZFQ
2107,4,0.55,0.0508,0.5,10,0.8,ABA,OZFQ
2108,4,0.55,0.0508,0.5,10,0.8,ABB,OZFQ
2109,4,0.55,0.0508,0.5,10,0.9,AAB,OZFQ
2110,4,0.55,0.0508,0.5,10,0.9,ABA,OZFQ
2111,4,0.55,0.0508,0.5,10,0.9,ABB,OZFQ
2112,4,0.55,0.0475,0.1,1,0.6,AAB,OZFQ
2113,4,0.55,0.0475,0.1,1,0.6,ABA,OZFQ
2114,4,0.55,0.0475,0.1,1,0.6,ABB,OZFQ
2115,4,0.55,0.0475,0.1,1,0.7,AAB,OZFQ
2116,4,0.55,0.0475,0.1,1,0.7,ABA,OZFQ
2117,4,0.55,0.0475,0.1,1,0.7,ABB,OZFQ
2118,4,0.55,0.0475,0.1,1,0.8,AAB,OZFQ
2119,4,0.55,0.0475,0.1,1,0.8,ABA,OZFQ
2120,4,0.55,0.0475,0.1,1,0.8,ABB,OZFQ
2121,4,0.55,0.0475,0.1,1,0.9,AAB,OZFQ
2122,4,0.55,0.0475,0.1,1,0.9,ABA,OZFQ
2123,4,0.55,0.0475,0.1,1,0.9,ABB,OZFQ
2124,4,0.55,0.0475,0.1,2,0.6,AAB,OZFQ
2125,4,0.55,0.0475,0.1,2,0.6,ABA,OZFQ
2126,4,0.55,0.0475,0.1,2,0.6,ABB,OZFQ
2127,4,0.55,0.0475,0.1,2,0.7,AAB,OZFQ
2128,4,0.55,0.0475,0.1,2,0.7,ABA,OZFQ
2129,4,0.55,0.0475,0.1,2,0.7,ABB,OZFQ
2130,4,0.55,0.0475,0.1,2,0.8,AAB,OZFQ
2131,4,0.55,0.0475,0.1,2,0.8,ABA,OZFQ
2132,4,0.55,0.0475,0.1,2,0.8,ABB,OZFQ
2133,4,0.55,0.0475,0.1,2,0.9,AAB,OZFQ
2134,4,0.55,0.0475,0.1,2,0.9,ABA,OZFQ
2135,4,0.55,0.0475,0.1,2,0.9,ABB,OZFQ
2136,4,0.55,0.0475,0.1,5,0.6,AAB,OZFQ
2137,4,0.55,0.0475,0.1,5,0.6,ABA,OZFQ
2138,4,0.55,0.0475,0.1,5,0.6,ABB,OZFQ
2139,4,0.55,0.0475,0.1,5,0.7,AAB,OZFQ
2140,4,0.55,0.0475,0.1,5,0.7,ABA,OZFQ
2141,4,0.55,0.0475,0.1,5,0.7,ABB,OZFQ
2142,4,0.55,0.0475,0.1,5,0.8,AAB,OZFQ
2143,4,0.55,0.0475,0.1,5,0.8,ABA,OZFQ
2144,4,0.55,0.0475,0.1,5,0.8,ABB,OZFQ
2145,4,0.55,0.0475,0.1,5,0.9,AAB,OZFQ
2146,4,0.55,0.0475,0.1,5,0.9,ABA,OZFQ
2147,4,0.55,0.0475,0.1,5,0.9,ABB,OZFQ
2148,4,0.55,0.0475,0.1,10,0.6,AAB,OZFQ
2149,4,0.55,0.0475,0.1,10,0.6,ABA,OZFQ
2150,4,0.55,0.0475,0.1,10,0.6,ABB,OZFQ
2151,4,0.55,0.0475,0.1,10,0.7,AAB,OZFQ
2152,4,0.55,0.0475,0.1,10,0.7,ABA,OZFQ
2153,4,0.55,0.0475,0.1,10,0.7,ABB,OZFQ
2154,4,0.55,0.0475,0.1,10,0.8,AAB,OZFQ
2155,4,0.55,0.0475,0.1,10,0.8,ABA,OZFQ
2156,4,0.55,0.0475,0.1,10,0.8,ABB,OZFQ
2157,4,0.55,0.0475,0.1,10,0.9,AAB,OZFQ
2158,4,0.55,0.0475,0.1,10,0.9,ABA,OZFQ
2159,4,0.55,0.0475,0.1,10,0.9,ABB,OZFQ
2160,4,0.75,0.0735,3.0,1,0.6,AAB,OZFQ
2161,4,0.75,0.0735,3.0,1,0.6,ABA,OZFQ
2162,4,0.75,0.0735,3.0,1,0.6,ABB,OZFQ
2163,4,0.75,0.0735,3.0,1,0.7,AAB,OZFQ
2164,4,0.75,0.0735,3.0,1,0.7,ABA,OZFQ
2165,4,0.75,0.0735,3.0,1,0.7,ABB,OZFQ
2166,4,0.75,0.0735,3.0,1,0.8,AAB,OZFQ
2167,4,0.75,0.0735,3.0,1,0.8,ABA,OZFQ
2168,4,0.75,0.0735,3.0,1,0.8,ABB,OZFQ
2169,4,0.75,0.0735,3.0,1,0.9,AAB,OZFQ
2170,4,0.75,0.0735,3.0,1,0.9,ABA,OZFQ
2171,4,0.75,0.0735,3.0,1,0.9,ABB,OZFQ
2172,4,0.75,0.0735,3.0,2,0.6,AAB,OZFQ
2173,4,0.75,0.0735,3.0,2,0.6,ABA,OZFQ
2174,4,0.75,0.0735,3.0,2,0.6,ABB,OZFQ
2175,4,0.75,0.0735,3.0,2,0.7,AAB,OZFQ
2176,4,0.75,0.0735,3.0,2,0.7,ABA,OZFQ
2177,4,0.75,0.0735,3.0,2,0.7,ABB,OZFQ
2178,4,0.75,0.0735,3.0,2,0.8,AAB,OZFQ
2179,4,0.75,0.0735,3.0,2,0.8,ABA,OZFQ
2180,4,0.75,0.0735,3.0,2,0.8,ABB,OZFQ
2181,4,0.75,0.0735,3.0,2,0.9,AAB,OZFQ
2182,4,0.75,0.0735,3.0,2,0.9,ABA,OZFQ
2183,4,0.75,0.0735,3.0,2,0.9,ABB,OZFQ
2184,4,0.75,0.0735,3.0,5,0.6,AAB,OZFQ
2185,4,0.75,0.0735,3.0,5,0.6,ABA,OZFQ
2186,4,0.75,0.0735,3.0,5,0.6,ABB,OZFQ
2187,4,0.75,0.0735,3.0,5,0.7,AAB,OZFQ
2188,4,0.75,0.0735,3.0,5,0.7,ABA,OZFQ
2189,4,0.75,0.0735,3.0,5,0.7,ABB,OZFQ
2190,4,0.75,0.0735,3.0,5,0.8,AAB,OZFQ
2191,4,0.75,0.0735,3.0,5,0.8,ABA,OZFQ
2192,4,0.75,0.0735,3.0,5,0.8,ABB,OZFQ
2193,4,0.75,0.0735,3.0,5,0.9,AAB,OZFQ
2194,4,0.75,0.0735,3.0,5,0.9,ABA,OZFQ
2195,4,0.75,0.0735,3.0,5,0.9,ABB,OZFQ
2196,4,0.75,0.0735,3.0,10,0.6,AAB,OZFQ
2197,4,0.75,0.0735,3.0,10,0.6,ABA,OZFQ
2198,4,0.75,0.0735,3.0,10,0.6,ABB,OZFQ
2199,4,0.75,0.0735,3.0,10,0.7,AAB,OZFQ
2200,4,0.75,0.0735,3.0,10,0.7,ABA,OZFQ
2201,4,0.75,0.0735,3.0,10,0.7,ABB,OZFQ
2202,4,0.75,0.0735,3.0,10,0.8,AAB,OZFQ
2203,4,0.75,0.0735,3.0,10,0.8,ABA,OZFQ
2204,4,0.75,0.0735,3.0,10,0.8,ABB,OZFQ
2205,4,0.75,0.0735,3.0,10,0.9,AAB,OZFQ
2206,4,0.75,0.0735,3.0,10,0.9,ABA,OZFQ
2207,4,0.75,0.0735,3.0,10,0.9,ABB,OZFQ
2208,4,0.75,0.067,2.0,1,0.6,AAB,OZFQ
2209,4,0.75,0.067,2.0,1,0.6,ABA,OZFQ
2210,4,0.75,0.067,2.0,1,0.6,ABB,OZFQ
2211,4,0.75,0.067,2.0,1,0.7,AAB,OZFQ
2212,4,0.75,0.067,2.0,1,0.7,ABA,OZFQ
2213,4,0.75,0.067,2.0,1,0.7,ABB,OZFQ
2214,4,0.75,0.067,2.0,1,0.8,AAB,OZFQ
2215,4,0.75,0.067,2.0,1,0.8,ABA,OZFQ
2216,4,0.75,0.067,2.0,1,0.8,ABB,OZFQ
2217,4,0.75,0.067,2.0,1,0.9,AAB,OZFQ
2218,4,0.75,0.067,2.0,1,0.9,ABA,OZFQ
2219,4,0.75,0.067,2.0,1,0.9,ABB,OZFQ
2220,4,0.75,0.067,2.0,2,0.6,AAB,OZFQ
2221,4,0.75,0.067,2.0,2,0.6,ABA,OZFQ
2222,4,0.75,0.067,2.0,2,0.6,ABB,OZFQ
2223,4,0.75,0.067,2.0,2,0.7,AAB,OZFQ
2224,4,0.75,0.067,2.0,2,0.7,ABA,OZFQ
2225,4,0.75,0.067,2.0,2,0.7,ABB,OZFQ
2226,4,0.75,0.067,2.0,2,0.8,AAB,OZFQ
2227,4,0.75,0.067,2.0,2,0.8,ABA,OZFQ
2228,4,0.75,0.067,2.0,2,0.8,ABB,OZFQ
2229,4,0.75,0.067,2.0,2,0.9,AAB,OZFQ
2230,4,0.75,0.067,2.0,2,0.9,ABA,OZFQ
2231,4,0.75,0.067,2.0,2,0.9,ABB,OZFQ
2232,4,0.75,0.067,2.0,5,0.6,AAB,OZFQ
2233,4,0.75,0.067,2.0,5,0.6,ABA,OZFQ
2234,4,0.75,0.067,2.0,5,0.6,ABB,OZFQ
2235,4,0.75,0.067,2.0,5,0.7,AAB,OZFQ
2236,4,0.75,0.067,2.0,5,0.7,ABA,OZFQ
2237,4,0.75,0.067,2.0,5,0.7,ABB,OZFQ
2238,4,0.75,0.067,2.0,5,0.8,AAB,OZFQ
2239,4,0.75,0.067,2.0,5,0.8,ABA,OZFQ
2240,4,0.75,0.067,2.0,5,0.8,ABB,OZFQ
2241,4,0.75,0.067,2.0,5,0.9,AAB,OZFQ
2242,4,0.75,0.067,2.0,5,0.9,ABA,OZFQ
2243,4,0.75,0.067,2.0,5,0.9,ABB,OZFQ
2244,4,0.75,0.067,2.0,10,0.6,AAB,OZFQ
2245,4,0.75,0.067,2.0,10,0.6,ABA,OZFQ
2246,4,0.75,0.067,2.0,10,0.6,ABB,OZFQ
2247,4,0.75,0.067,2.0,10,0.7,AAB,OZFQ
2248,4,0.75,0.067,2.0,10,0.7,ABA,OZFQ
2249,4,0.75,0.067,2.0,10,0.7,ABB,OZFQ
2250,4,0.75,0.067,2.0,10,0.8,AAB,OZFQ
2251,4,0.75,0.067,2.0,10,0.8,ABA,OZFQ
2252,4,0.75,0.067,2.0,10,0.8,ABB,OZFQ
2253,4,0.75,0.067,2.0,10,0.9,AAB,OZFQ
2254,4,0.75,0.067,2.0,10,0.9,ABA,OZFQ
2255,4,0.75,0.067,2.0,10,0.9,ABB,OZFQ
2256,4,0.75,0.061,1.0,1,0.6,AAB,OZFQ
2257,4,0.75,0.061,1.0,1,0.6,ABA,OZFQ
2258,4,0.75,0.061,1.0,1,0.6,ABB,OZFQ
2259,4,0.75,0.061,1.0,1,0.7,AAB,OZFQ
2260,4,0.75,0.061,1.0,1,0.7,ABA,OZFQ
2261,4,0.75,0.061,1.0,1,0.7,ABB,OZFQ
2262,4,0.75,0.061,1.0,1,0.8,AAB,OZFQ
2263,4,0.75,0.061,1.0,1,0.8,ABA,OZFQ
2264,4,0.75,0.061,1.0,1,0.8,ABB,OZFQ
2265,4,0.75,0.061,1.0,1,0.9,AAB,OZFQ
2266,4,0.75,0.061,1.0,1,0.9,ABA,OZFQ
2267,4,0.75,0.061,1.0,1,0.9,ABB,OZFQ
2268,4,0.75,0.061,1.0,2,0.6,AAB,OZFQ
2269,4,0.75,0.061,1.0,2,0.6,ABA,OZFQ
2270,4,0.75,0.061,1.0,2,0.6,ABB,OZFQ
2271,4,0.75,0.061,1.0,2,0.7,AAB,OZFQ
2272,4,0.75,0.061,1.0,2,0.7,ABA,OZFQ
2273,4,0.75,0.061,1.0,2,0.7,ABB,OZFQ
2274,4,0.75,0.061,1.0,2,0.8,AAB,OZFQ
2275,4,0.75,0.061,1.0,2,0.8,ABA,OZFQ
2276,4,0.75,0.061,1.0,2,0.8,ABB,OZFQ
2277,4,0.75,0.061,1.0,2,0.9,AAB,OZFQ
2278,4,0.75,0.061,1.0,2,0.9,ABA,OZFQ
2279,4,0.75,0.061,1.0,2,0.9,ABB,OZFQ
2280,4,0.75,0.061,1.0,5,0.6,AAB,OZFQ
2281,4,0.75,0.061,1.0,5,0.6,ABA,OZFQ
2282,4,0.75,0.061,1.0,5,0.6,ABB,OZFQ
2283,4,0.75,0.061,1.0,5,0.7,AAB,OZFQ
2284,4,0.75,0.061,1.0,5,0.7,ABA,OZFQ
2285,4,0.75,0.061,1.0,5,0.7,ABB,OZFQ
2286,4,0.75,0.061,1.0,5,0.8,AAB,OZFQ
2287,4,0.75,0.061,1.0,5,0.8,ABA,OZFQ
2288,4,0.75,0.061,1.0,5,0.8,ABB,OZFQ
2289,4,0.75,0.061,1.0,5,0.9,AAB,OZFQ
2290,4,0.75,0.061,1.0,5,0.9,ABA,OZFQ
2291,4,0.75,0.061,1.0,5,0.9,ABB,OZFQ
2292,4,0.75,0.061,1.0,10,0.6,AAB,OZFQ
2293,4,0.75,0.061,1.0,10,0.6,ABA,OZFQ
2294,4,0.75,0.061,1.0,10,0.6,ABB,OZFQ
2295,4,0.75,0.061,1.0,10,0.7,AAB,OZFQ
2296,4,0.75,0.061,1.0,10,0.7,ABA,OZFQ
2297,4,0.75,0.061,1.0,10,0.7,ABB,OZFQ
2298,4,0.75,0.061,1.0,10,0.8,AAB,OZFQ
2299,4,0.75,0.061,1.0,10,0.8,ABA,OZFQ
2300,4,0.75,0.061,1.0,10,0.8,ABB,OZFQ
2301,4,0.75,0.061,1.0,10,0.9,AAB,OZFQ
2302,4,0.75,0.061,1.0,10,0.9,ABA,OZFQ
2303,4,0.75,0.061,1.0,10,0.9,ABB,OZFQ
2304,4,0.75,0.057,0.5,1,0.6,AAB,OZFQ
2305,4,0.75,0.057,0.5,1,0.6,ABA,OZFQ
2306,4,0.75,0.057,0.5,1,0.6,ABB,OZFQ
2307,4,0.75,0.057,0.5,1,0.7,AAB,OZFQ
2308,4,0.75,0.057,0.5,1,0.7,ABA,OZFQ
2309,4,0.75,0.057,0.5,1,0.7,ABB,OZFQ
2310,4,0.75,0.057,0.5,1,0.8,AAB,OZFQ
2311,4,0.75,0.057,0.5,1,0.8,ABA,OZFQ
2312,4,0.75,0.057,0.5,1,0.8,ABB,OZFQ
2313,4,0.75,0.057,0.5,1,0.9,AAB,OZFQ
2314,4,0.75,0.057,0.5,1,0.9,ABA,OZFQ
2315,4,0.75,0.057,0.5,1,0.9,ABB,OZFQ
2316,4,0.75,0.057,0.5,2,0.6,AAB,OZFQ
2317,4,0.75,0.057,0.5,2,0.6,ABA,OZFQ
2318,4,0.75,0.057,0.5,2,0.6,ABB,OZFQ
2319,4,0.75,0.057,0.5,2,0.7,AAB,OZFQ
2320,4,0.75,0.057,0.5,2,0.7,ABA,OZFQ
2321,4,0.75,0.057,0.5,2,0.7,ABB,OZFQ
2322,4,0.75,0.057,0.5,2,0.8,AAB,OZFQ
2323,4,0.75,0.057,0.5,2,0.8,ABA,OZFQ
2324,4,0.75,0.057,0.5,2,0.8,ABB,OZFQ
2325,4,0.75,0.057,0.5,2,0.9,AAB,OZFQ
2326,4,0.75,0.057,0.5,2,0.9,ABA,OZFQ
2327,4,0.75,0.057,0.5,2,0.9,ABB,OZFQ
2328,4,0.75,0.057,0.5,5,0.6,AAB,OZFQ
2329,4,0.75,0.057,0.5,5,0.6,ABA,OZFQ
2330,4,0.75,0.057,0.5,5,0.6,ABB,OZFQ
2331,4,0.75,0.057,0.5,5,0.7,AAB,OZFQ
2332,4,0.75,0.057,0.5,5,0.7,ABA,OZFQ
2333,4,0.75,0.057,0.5,5,0.7,ABB,OZFQ
2334,4,0.75,0.057,0.5,5,0.8,AAB,OZFQ
2335,4,0.75,0.057,0.5,5,0.8,ABA,OZFQ
2336,4,0.75,0.057,0.5,5,0.8,ABB,OZFQ
2337,4,0.75,0.057,0.5,5,0.9,AAB,OZFQ
2338,4,0.75,0.057,0.5,5,0.9,ABA,OZFQ
2339,4,0.75,0.057,0.5,5,0.9,ABB,OZFQ
2340,4,0.75,0.057,0.5,10,0.6,AAB,OZFQ
2341,4,0.75,0.057,0.5,10,0.6,ABA,OZFQ
2342,4,0.75,0.057,0.5,10,0.6,ABB,OZFQ
2343,4,0.75,0.057,0.5,10,0.7,AAB,OZFQ
2344,4,0.75,0.057,0.5,10,0.7,ABA,OZFQ
2345,4,0.75,0.057,0.5,10,0.7,ABB,OZFQ
2346,4,0.75,0.057,0.5,10,0.8,AAB,OZFQ
2347,4,0.75,0.057,0.5,10,0.8,ABA,OZFQ
2348,4,0.75,0.057,0.5,10,0.8,ABB,OZFQ
2349,4,0.75,0.057,0.5,10,0.9,AAB,OZFQ
2350,4,0.75,0.057,0.5,10,0.9,ABA,OZFQ
2351,4,0.75,0.057,0.5,10,0.9,ABB,OZFQ
2352,4,0.75,0.0537,0.1,1,0.6,AAB,OZFQ
2353,4,0.75,0.0537,0.1,1,0.6,ABA,OZFQ
2354,4,0.75,0.0537,0.1,1,0.6,ABB,OZFQ
2355,4,0.75,0.0537,0.1,1,0.7,AAB,OZFQ
2356,4,0.75,0.0537,0.1,1,0.7,ABA,OZFQ
2357,4,0.75,0.0537,0.1,1,0.7,ABB,OZFQ
2358,4,0.75,0.0537,0.1,1,0.8,AAB,OZFQ
2359,4,0.75,0.0537,0.1,1,0.8,ABA,OZFQ
2360,4,0.75,0.0537,0.1,1,0.8,ABB,OZFQ
2361,4,0.75,0.0537,0.1,1,0.9,AAB,OZFQ
2362,4,0.75,0.0537,0.1,1,0.9,ABA,OZFQ
2363,4,0.75,0.0537,0.1,1,0.9,ABB,OZFQ
2364,4,0.75,0.0537,0.1,2,0.6,AAB,OZFQ
2365,4,0.75,0.0537,0.1,2,0.6,ABA,OZFQ
2366,4,0.75,0.0537,0.1,2,0.6,ABB,OZFQ
2367,4,0.75,0.0537,0.1,2,0.7,AAB,OZFQ
2368,4,0.75,0.0537,0.1,2,0.7,ABA,OZFQ
2369,4,0.75,0.0537,0.1,2,0.7,ABB,OZFQ
2370,4,0.75,0.0537,0.1,2,0.8,AAB,OZFQ
2371,4,0.75,0.0537,0.1,2,0.8,ABA,OZFQ
2372,4,0.75,0.0537,0.1,2,0.8,ABB,OZFQ
2373,4,0.75,0.0537,0.1,2,0.9,AAB,OZFQ
2374,4,0.75,0.0537,0.1,2,0.9,ABA,OZFQ
2375,4,0.75,0.0537,0.1,2,0.9,ABB,OZFQ
2376,4,0.75,0.0537,0.1,5,0.6,AAB,OZFQ
2377,4,0.75,0.0537,0.1,5,0.6,ABA,OZFQ
2378,4,0.75,0.0537,0.1,5,0.6,ABB,OZFQ
2379,4,0.75,0.0537,0.1,5,0.7,AAB,OZFQ
2380,4,0.75,0.0537,0.1,5,0.7,ABA,OZFQ
2381,4,0.75,0.0537,0.1,5,0.7,ABB,OZFQ
2382,4,0.75,0.0537,0.1,5,0.8,AAB,OZFQ
2383,4,0.75,0.0537,0.1,5,0.8,ABA,OZFQ
2384,4,0.75,0.0537,0.1,5,0.8,ABB,OZFQ
2385,4,0.75,0.0537,0.1,5,0.9,AAB,OZFQ
2386,4,0.75,0.0537,0.1,5,0.9,ABA,OZFQ
2387,4,0.75,0.0537,0.1,5,0.9,ABB,OZFQ
2388,4,0.75,0.0537,0.1,10,0.6,AAB,OZFQ
2389,4,0.75,0.0537,0.1,10,0.6,ABA,OZFQ
2390,4,0.75,0.0537,0.1,10,0.6,ABB,OZFQ
2391,4,0.75,0.0537,0.1,10,0.7,AAB,OZFQ
2392,4,0.75,0.0537,0.1,10,0.7,ABA,OZFQ
2393,4,0.75,0.0537,0.1,10,0.7,ABB,OZFQ
2394,4,0.75,0.0537,0.1,10,0.8,AAB,OZFQ
2395,4,0.75,0.0537,0.1,10,0.8,ABA,OZFQ
2396,4,0.75,0.0537,0.1,10,0.8,ABB,OZFQ
2397,4,0.75,0.0537,0.1,10,0.9,AAB,OZFQ
2398,4,0.75,0.0537,0.1,10,0.9,ABA,OZFQ
2399,4,0.75,0.0537,0.1,10,0.9,ABB,OZFQ
